-- MySQL dump 10.13  Distrib 8.0.30, for Linux (x86_64)
--
-- Host: localhost    Database: library_management_system_db_1
-- ------------------------------------------------------
-- Server version	8.0.30-0ubuntu0.20.04.2

/*!40101 SET @OLD_CHARACTER_SET_CLIENT=@@CHARACTER_SET_CLIENT */;
/*!40101 SET @OLD_CHARACTER_SET_RESULTS=@@CHARACTER_SET_RESULTS */;
/*!40101 SET @OLD_COLLATION_CONNECTION=@@COLLATION_CONNECTION */;
/*!50503 SET NAMES utf8mb4 */;
/*!40103 SET @OLD_TIME_ZONE=@@TIME_ZONE */;
/*!40103 SET TIME_ZONE='+00:00' */;
/*!40014 SET @OLD_UNIQUE_CHECKS=@@UNIQUE_CHECKS, UNIQUE_CHECKS=0 */;
/*!40014 SET @OLD_FOREIGN_KEY_CHECKS=@@FOREIGN_KEY_CHECKS, FOREIGN_KEY_CHECKS=0 */;
/*!40101 SET @OLD_SQL_MODE=@@SQL_MODE, SQL_MODE='NO_AUTO_VALUE_ON_ZERO' */;
/*!40111 SET @OLD_SQL_NOTES=@@SQL_NOTES, SQL_NOTES=0 */;

CREATE DATABASE IF NOT EXISTS library_management_system_db_1;

USE library_management_system_db_1;


--
-- Table structure for table `Author`
--

DROP TABLE IF EXISTS `Author`;
/*!40101 SET @saved_cs_client     = @@character_set_client */;
/*!50503 SET character_set_client = utf8mb4 */;
CREATE TABLE `Author` (
  `id` int NOT NULL AUTO_INCREMENT,
  `first_name` varchar(255) NOT NULL,
  `last_name` varchar(45) DEFAULT NULL,
  `biography` text,
  PRIMARY KEY (`id`)
) ENGINE=InnoDB AUTO_INCREMENT=1163 DEFAULT CHARSET=utf8mb4 COLLATE=utf8mb4_0900_ai_ci;
/*!40101 SET character_set_client = @saved_cs_client */;

--
-- Dumping data for table `Author`
--

LOCK TABLES `Author` WRITE;
/*!40000 ALTER TABLE `Author` DISABLE KEYS */;
INSERT INTO `Author` VALUES (1,'Aceval Nora',NULL,NULL),(2,'Adam Olivier',NULL,NULL),(3,'Adams Pam',NULL,NULL),(4,'Adriansen Sophie',NULL,NULL),(5,'Agence Quand les livres relient',NULL,NULL),(6,'Agopian Annie',NULL,NULL),(7,'Ahlberg Janet et Allan',NULL,NULL),(8,'Aimé Marcel',NULL,NULL),(9,'Aït Ahmed Salamia',NULL,NULL),(10,'Aladjidi Virginie',NULL,NULL),(11,'Albert Adrien',NULL,NULL),(12,'Alemagna Béatrice',NULL,NULL),(13,'Alibeu Géraldine',NULL,NULL),(14,'Alix Cécile',NULL,NULL),(15,'Allancé Mireille d\'',NULL,NULL),(16,'Allemand Sylvie',NULL,NULL),(17,'Allen Nicholas',NULL,NULL),(18,'Alline Christophe',NULL,NULL),(19,'Alméras Arnaud',NULL,NULL),(20,'Alonso Jose Ramon',NULL,NULL),(21,'Altan',NULL,NULL),(22,'Amrouche Taos',NULL,NULL),(23,'Andersen Hans Christian',NULL,NULL),(24,'Angeli May',NULL,NULL),(25,'Angelou Maya',NULL,NULL),(26,'Aribaud Jean Luc',NULL,NULL),(27,'Armange Xavier',NULL,NULL),(28,'Armellini Chiara',NULL,NULL),(29,'ARPLE',NULL,NULL),(30,'Arraga de Malherbe Virginia',NULL,NULL),(31,'Arrou-Vignod Jean Philippe',NULL,NULL),(32,'Ashbé Jeanne',NULL,NULL),(33,'Astolfi Claire',NULL,NULL),(34,'Attiogbé Magali',NULL,NULL),(35,'Aubert Brigitte',NULL,NULL),(36,'Aubrun Claude',NULL,NULL),(37,'Aubrun Claudine',NULL,NULL),(38,'Audren',NULL,NULL),(39,'Ayadi Boubakeur',NULL,NULL),(40,'Bachelet Gilles',NULL,NULL),(41,'Backès Michel',NULL,NULL),(42,'Badescu Ramona',NULL,NULL),(43,'Baer Julien',NULL,NULL),(44,'Bahar Sunar Ozge',NULL,NULL),(45,'Bailly Maître Marie Astrid',NULL,NULL),(46,'Balpe Anne Gaëlle',NULL,NULL),(47,'Baltscheit Martin',NULL,NULL),(48,'Banks Kate',NULL,NULL),(49,'Barbarou Lucienne',NULL,NULL),(50,'Barbeau Philippe',NULL,NULL),(51,'Barcilon Marianne',NULL,NULL),(52,'Baret Idatte Corinne',NULL,NULL),(53,'Barman Adrienne',NULL,NULL),(54,'Baron Marc',NULL,NULL),(55,'Baronian Jean-Baptiste',NULL,NULL),(56,'Barrett Judi',NULL,NULL),(57,'Barrier Perceval',NULL,NULL),(58,'Barroux',NULL,NULL),(59,'Barthélémy Mimi',NULL,NULL),(60,'Barton Byron',NULL,NULL),(61,'Bataille Marion',NULL,NULL),(62,'Bathany Claude',NULL,NULL),(63,'Battault Paule',NULL,NULL),(64,'Battut Eric',NULL,NULL),(65,'Bauer Jutta',NULL,NULL),(66,'Bauer Marion Dane',NULL,NULL),(67,'Baum Gilles',NULL,NULL),(68,'Bayar Michèle',NULL,NULL),(69,'Bayard Michèle',NULL,NULL),(70,'Beamri R',NULL,NULL),(71,'Beaude PM. et Arrou-Vignod JP',NULL,NULL),(72,'Beauvois Delphine',NULL,NULL),(73,'Becker Aaron',NULL,NULL),(74,'Beigel Christine',NULL,NULL),(75,'Belhalfaoui Hamou',NULL,NULL),(76,'Ben Kemoun Hubert',NULL,NULL),(77,'Ben Soussan et collectif',NULL,NULL),(78,'Ben Soussan Patrick',NULL,NULL),(79,'Benameur Jeanne',NULL,NULL),(80,'Benjelloun Saïd',NULL,NULL),(81,'Benoist Cécile',NULL,NULL),(82,'Berchoud Bruno',NULL,NULL),(83,'Bergèse Paul',NULL,NULL),(84,'Bermond Monique',NULL,NULL),(85,'Bernard Cécile',NULL,NULL),(86,'Bernard Fred',NULL,NULL),(87,'Berner Rotraut Susanne',NULL,NULL),(88,'Berner Rotraut Suzanne',NULL,NULL),(89,'Bernos Clotilde',NULL,NULL),(90,'Bernstein Galia',NULL,NULL),(91,'Bertier Anne',NULL,NULL),(92,'Bertrand Frédérique',NULL,NULL),(93,'Bertrand Micheline',NULL,NULL),(94,'Bertrand Pierre',NULL,NULL),(95,'Bertron Martin Agnès',NULL,NULL),(96,'Besnier Michel',NULL,NULL),(97,'Bessard Sylvie',NULL,NULL),(98,'Bettelheim Bruno',NULL,NULL),(99,'Béziat Julien',NULL,NULL),(100,'Bialestowski Gérard',NULL,NULL),(101,'Bianco-Levin Nicolas',NULL,NULL),(102,'Bichonnier Henriette',NULL,NULL),(103,'Bickford-Smith Coralie',NULL,NULL),(104,'Bielinsky Claudia',NULL,NULL),(105,'Bigot Gigi',NULL,NULL),(106,'Billiard Jean-Michel',NULL,NULL),(107,'Birant Mehmet Ali',NULL,NULL),(108,'Bisinski Pierrick',NULL,NULL),(109,'Bizouerne Gilles',NULL,NULL),(110,'Blake Quentin',NULL,NULL),(111,'Blake Stéphanie',NULL,NULL),(112,'Blanpain Jean-Pierre',NULL,NULL),(113,'Blegvard E',NULL,NULL),(114,'Blexbolex',NULL,NULL),(115,'Bloch Muriel',NULL,NULL),(116,'Bobe Françoise',NULL,NULL),(117,'Boel Anne Catherine de',NULL,NULL),(118,'Boisrobert Anouck',NULL,NULL),(119,'Boisrobert et Rigaud',NULL,NULL),(120,'Bonbon Cécile',NULL,NULL),(121,'Bone Betty',NULL,NULL),(122,'Bonnafé Marie',NULL,NULL),(123,'Bonnafé, Cabrero, Delfourny',NULL,NULL),(124,'Bonnet',NULL,NULL),(125,'Bonniol Magali',NULL,NULL),(126,'Bonotaux Gilles',NULL,NULL),(127,'Bouchard André',NULL,NULL),(128,'Boucher Michel',NULL,NULL),(129,'Boudet Alain',NULL,NULL),(130,'Bougeault Pascale',NULL,NULL),(131,'Boujon Claude',NULL,NULL),(132,'Boulaire Cécile',NULL,NULL),(133,'Bourgeau Vincent',NULL,NULL),(134,'Bourre Martine',NULL,NULL),(135,'Bouteloup Philippe',NULL,NULL),(136,'Boutros Al-maari',NULL,NULL),(137,'Boyer Cécile',NULL,NULL),(138,'Brami Elisabeth',NULL,NULL),(139,'Brami Elizabeth',NULL,NULL),(140,'Bravi Soledad',NULL,NULL),(141,'Brenman Ilan',NULL,NULL),(142,'Bresner Lisa',NULL,NULL),(143,'Bricout Bernadette',NULL,NULL),(144,'Brière Haquet Alice',NULL,NULL),(145,'Brière Joëlle',NULL,NULL),(146,'Brisac Geneviève',NULL,NULL),(147,'Brisou Pellen Evelyne',NULL,NULL),(148,'Brouillard Anne',NULL,NULL),(149,'Brown Ken',NULL,NULL),(150,'Brown Ruth',NULL,NULL),(151,'Browne Anthony',NULL,NULL),(152,'Browne Anthony et Joe',NULL,NULL),(153,'Bruel Christian',NULL,NULL),(154,'Brulet Gilles',NULL,NULL),(155,'Bruley M. C./Tourn Lya',NULL,NULL),(156,'Bruley Marie-Claire',NULL,NULL),(157,'Brun Cosme Nadine',NULL,NULL),(158,'Brunelet Madeleine',NULL,NULL),(159,'Brunet Bénédicte',NULL,NULL),(160,'Brunhoff Jean de',NULL,NULL),(161,'Bryan, Muzi, Knappert',NULL,NULL),(162,'Buguet Anne',NULL,NULL),(163,'Bunting E.',NULL,NULL),(164,'Burgaud Pierre Dominique',NULL,NULL),(165,'Burningham John',NULL,NULL),(166,'Buson',NULL,NULL),(167,'Buteau Gaëlle',NULL,NULL),(168,'Buzzeo Toni',NULL,NULL),(169,'Cabaco Silvia L.',NULL,NULL),(170,'Cabrera Jane',NULL,NULL),(171,'Cadier Florence',NULL,NULL),(172,'Cadier Morgane de',NULL,NULL),(173,'Cadot Colin Anne-Marie',NULL,NULL),(174,'Cagnard Dominique',NULL,NULL),(175,'Cali Davide',NULL,NULL),(176,'Cameron Ann',NULL,NULL),(177,'Cannard Edmée',NULL,NULL),(178,'Cantais Claire',NULL,NULL),(179,'Cantin Marc',NULL,NULL),(180,'Cardon Laurent',NULL,NULL),(181,'Carlain Noé',NULL,NULL),(182,'Carle Eric',NULL,NULL),(183,'Carminati Chiara',NULL,NULL),(184,'Carrier Isabelle',NULL,NULL),(185,'Carroll Lewis',NULL,NULL),(186,'Carter David A.',NULL,NULL),(187,'Carter Noëlle et David',NULL,NULL),(188,'Cassabois Jacques',NULL,NULL),(189,'Cathalo Georges',NULL,NULL),(190,'Cathrine Arnaud',NULL,NULL),(191,'Causse Rolande',NULL,NULL),(192,'Cauwe Lucie',NULL,NULL),(193,'Caylou Véronique',NULL,NULL),(194,'Cazals Thierry',NULL,NULL),(195,'Celli Rose',NULL,NULL),(196,'Cendrars Blaise',NULL,NULL),(197,'Césaire Aimé',NULL,NULL),(198,'Cevin Evelyne',NULL,NULL),(199,'Chabas Jean-François',NULL,NULL),(200,'Chabbert Ingrid',NULL,NULL),(201,'Char René',NULL,NULL),(202,'Charlat Benoît',NULL,NULL),(203,'Charlip Rémy',NULL,NULL),(204,'Charmeux Evelyne',NULL,NULL),(205,'Charpentreau Jacques',NULL,NULL),(206,'Chaty Guy',NULL,NULL),(207,'Chaud Benjamin',NULL,NULL),(208,'Chausse Sylvie',NULL,NULL),(209,'Chausson Julia',NULL,NULL),(210,'Chavepeyer I',NULL,NULL),(211,'Chazerand Emilie',NULL,NULL),(212,'Chedid Andrée',NULL,NULL),(213,'Chedru Delphine',NULL,NULL),(214,'Chen Chih-Yuan',NULL,NULL),(215,'Chen Jian Hong',NULL,NULL),(216,'Chen Jiang Hong',NULL,NULL),(217,'Chenouf Yvanne',NULL,NULL),(218,'Chérer Sophie',NULL,NULL),(219,'Cherisey Thérèse de',NULL,NULL),(220,'Chèze Bernard',NULL,NULL),(221,'Chic Suzy',NULL,NULL),(222,'Choux Nathalie',NULL,NULL),(223,'Chraïbi Driss',NULL,NULL),(224,'Church Caroline Jayne',NULL,NULL),(225,'Cissé Mamadou',NULL,NULL),(226,'Claire Céline',NULL,NULL),(227,'Claudel Philippe',NULL,NULL),(228,'Clavel Bernard',NULL,NULL),(229,'Clavel Fabien',NULL,NULL),(230,'Claveloux Nicole',NULL,NULL),(231,'Claverie Jean',NULL,NULL),(232,'Clayton Junior',NULL,NULL),(233,'Clément Claire',NULL,NULL),(234,'Clément Claude',NULL,NULL),(235,'Clément Frédéric',NULL,NULL),(236,'Climo Liz',NULL,NULL),(237,'Coat Anik',NULL,NULL),(238,'Coat Janie',NULL,NULL),(239,'Coat Janik',NULL,NULL),(240,'Cobb Rebecca',NULL,NULL),(241,'Cognet Lilas',NULL,NULL),(242,'Cohen-Janca Irène',NULL,NULL),(243,'Cole Babette',NULL,NULL),(244,'Collectif',NULL,NULL),(245,'Collectif écoliers haïtiens',NULL,NULL),(246,'Collectif enfants',NULL,NULL),(247,'Colmont Marie',NULL,NULL),(248,'Colombani Laetitia',NULL,NULL),(249,'Colombet Julie',NULL,NULL),(250,'Condominas Baptiste',NULL,NULL),(251,'Condominas Laurent',NULL,NULL),(252,'Cone Bryant Sara',NULL,NULL),(253,'Conrad Paul',NULL,NULL),(254,'Cooke Trish',NULL,NULL),(255,'Coppin Brigitte',NULL,NULL),(256,'Coran Pierre',NULL,NULL),(257,'Coran Pierre et Irène',NULL,NULL),(258,'Coran Pierre, d\'après Shakespeare',NULL,NULL),(259,'Corazza Linda',NULL,NULL),(260,'Corenblit Rachel',NULL,NULL),(261,'Corentin Philippe',NULL,NULL),(262,'Corr Christopher',NULL,NULL),(263,'Cortey Anne',NULL,NULL),(264,'Cosneau Olivia',NULL,NULL),(265,'Coste Nadia',NULL,NULL),(266,'Costes Olivier',NULL,NULL),(267,'Courgeon Rémi',NULL,NULL),(268,'Cousins Lucy',NULL,NULL),(269,'Cousseau Alex',NULL,NULL),(270,'Craipeau Jean-Loup',NULL,NULL),(271,'Crausaz Anne',NULL,NULL),(272,'Crews Donald',NULL,NULL),(273,'CRILJ',NULL,NULL),(274,'Cristina Henriqueta',NULL,NULL),(275,'Cros Charles',NULL,NULL),(276,'Crosbie Duncan',NULL,NULL),(277,'Crowther Kitty',NULL,NULL),(278,'Crozon Alain',NULL,NULL),(279,'Cumont Louise-Marie',NULL,NULL),(280,'Curatolo Justine',NULL,NULL),(281,'Cuvellier Vincent',NULL,NULL),(282,'Cvach Milos',NULL,NULL),(283,'Da Silva Christian',NULL,NULL),(284,'Daeninckx Didier',NULL,NULL),(285,'Dahl Roald',NULL,NULL),(286,'Daladier Nathalie',NULL,NULL),(287,'Dalrymple Jennifer',NULL,NULL),(288,'Dang Khoa Tran',NULL,NULL),(289,'Daniau Marc',NULL,NULL),(290,'Darwiche Jihad',NULL,NULL),(291,'Daufresne Michelle',NULL,NULL),(292,'David François',NULL,NULL),(293,'David Gauthier',NULL,NULL),(294,'Davies Benji',NULL,NULL),(295,'Davies Stephen',NULL,NULL),(296,'Dayre Valérie',NULL,NULL),(297,'Daywalt Drew',NULL,NULL),(298,'Dé Claire',NULL,NULL),(299,'De Rockere Geert',NULL,NULL),(300,'Deacon Alexis',NULL,NULL),(301,'Dedieu Thierry',NULL,NULL),(302,'Defourny Michel',NULL,NULL),(303,'Dek Maria',NULL,NULL),(304,'Delacroix Sibylle',NULL,NULL),(305,'Delafosse Claude',NULL,NULL),(306,'Delecroix Hanieh',NULL,NULL),(307,'Delessert Etienne',NULL,NULL),(308,'Dellamarre Bellego V',NULL,NULL),(309,'Delpeuch Régis',NULL,NULL),(310,'Delval Marie Hélène',NULL,NULL),(311,'Delye Pierre',NULL,NULL),(312,'Demasse-Pottier Stéphanie',NULL,NULL),(313,'Deneux Xavier',NULL,NULL),(314,'Denolle Christel',NULL,NULL),(315,'Derouen Jean-Marc',NULL,NULL),(316,'Descamps Dominique',NULL,NULL),(317,'Desnos Robert',NULL,NULL),(318,'Desnouveaux Florence',NULL,NULL),(319,'Desplat-Duc Anne-Marie',NULL,NULL),(320,'Destours Christine',NULL,NULL),(321,'Detamlbel Régine',NULL,NULL),(322,'Devaux Stéfany',NULL,NULL),(323,'Devernois Elsa',NULL,NULL),(324,'Devos Lydia',NULL,NULL),(325,'Dexet Hector',NULL,NULL),(326,'Di Giovanni Evans Brooke',NULL,NULL),(327,'Di Mascio Tony',NULL,NULL),(328,'Diallo Boubacar',NULL,NULL),(329,'Diallo Mamadou',NULL,NULL),(330,'Diallo Muriel',NULL,NULL),(331,'Diament Nic',NULL,NULL),(332,'Diaz Marie',NULL,NULL),(333,'Dieterlé Nathalie',NULL,NULL),(334,'Diéterlé Nathalie',NULL,NULL),(335,'Dio Mohamed',NULL,NULL),(336,'Dodeller Sylvie',NULL,NULL),(337,'Domergue Agnès',NULL,NULL),(338,'Donnio Sylviane',NULL,NULL),(339,'Doray Malika',NULL,NULL),(340,'Doremus Gaëtan',NULL,NULL),(341,'Dorémus Gaétan',NULL,NULL),(342,'Dorémus Gaëtan',NULL,NULL),(343,'Dorin Perrine',NULL,NULL),(344,'Dorin Philippe',NULL,NULL),(345,'Dorléans Marie',NULL,NULL),(346,'Douzou Olivier',NULL,NULL),(347,'Doyle Roddy',NULL,NULL),(348,'Dr Seuss',NULL,NULL),(349,'Dreyfuss Corinne',NULL,NULL),(350,'Dros Imme',NULL,NULL),(351,'Du Faÿ Sabine',NULL,NULL),(352,'Dubé Pierrette',NULL,NULL),(353,'Dubois CK',NULL,NULL),(354,'Dubois Claude K.',NULL,NULL),(355,'Dubois Jean-Claude',NULL,NULL),(356,'Dubost Louis',NULL,NULL),(357,'Dubray Anne-Thérèse',NULL,NULL),(358,'Dubuc Marianne',NULL,NULL),(359,'Ducatteau Florence',NULL,NULL),(360,'Ducos Max',NULL,NULL),(361,'Duda Christian',NULL,NULL),(362,'Dufresne Didier',NULL,NULL),(363,'Dumas Philippe',NULL,NULL),(364,'Dumont Jean-François',NULL,NULL),(365,'Dumortier David',NULL,NULL),(366,'Dunrea Olivier',NULL,NULL),(367,'Duprat Guillaume',NULL,NULL),(368,'Dupuy Dunier Chantal',NULL,NULL),(369,'Duquennoy Jacques',NULL,NULL),(370,'Durand Jean Benoit',NULL,NULL),(371,'Duras Marguerite',NULL,NULL),(372,'Dutruc-Rosset Florence',NULL,NULL),(373,'Duval Elisabeth',NULL,NULL),(374,'Duval Isabelle',NULL,NULL),(375,'Duve Catherine de',NULL,NULL),(376,'Dwell Studio',NULL,NULL),(377,'Ebohéa Marie Félécité',NULL,NULL),(378,'Eeckhout Emmanuelle',NULL,NULL),(379,'Ehlert Lois',NULL,NULL),(380,'El Fathi Mickaël',NULL,NULL),(381,'Elias Jean',NULL,NULL),(382,'Ellwand David',NULL,NULL),(383,'Elschner Géraldine',NULL,NULL),(384,'Eluard Paul',NULL,NULL),(385,'Elzbieta',NULL,NULL),(386,'Emberley Ed',NULL,NULL),(387,'Epanya Christian',NULL,NULL),(388,'Epin Bernard',NULL,NULL),(389,'Erlbruch Wolf',NULL,NULL),(390,'Escarpit Denise',NULL,NULL),(391,'Escoffier Michaël',NULL,NULL),(392,'Escudié René',NULL,NULL),(393,'Estellon Pascale',NULL,NULL),(394,'Falconer Ian',NULL,NULL),(395,'Falorsi Ilaria',NULL,NULL),(396,'Faraggi Anne W.',NULL,NULL),(397,'Farilli Elena',NULL,NULL),(398,'Fastier Yann',NULL,NULL),(399,'Fauliot Pascal',NULL,NULL),(400,'Favret Hafida',NULL,NULL),(401,'Fehr Daniel',NULL,NULL),(402,'Feiffer Jules',NULL,NULL),(403,'Felix Lucie',NULL,NULL),(404,'Félix Lucie',NULL,NULL),(405,'Féron Romano José',NULL,NULL),(406,'Ferrer Nino',NULL,NULL),(407,'Fersen Thomas',NULL,NULL),(408,'Fetjö Raphaël',NULL,NULL),(409,'Fine Anne',NULL,NULL),(410,'Florian Mélanie',NULL,NULL),(411,'Flouw Benjamin',NULL,NULL),(412,'Folika',NULL,NULL),(413,'Fondation Zakoura',NULL,NULL),(414,'Fontanel Béatrice',NULL,NULL),(415,'Fontenaille Elise',NULL,NULL),(416,'Fort Paul',NULL,NULL),(417,'Fortier Natali',NULL,NULL),(418,'Fournier',NULL,NULL),(419,'Fournier Jacques',NULL,NULL),(420,'Fox Mem',NULL,NULL),(421,'François André',NULL,NULL),(422,'Frasson-Cochet Agathe',NULL,NULL),(423,'Fred L',NULL,NULL),(424,'Frier Raphaële',NULL,NULL),(425,'Friot Bernard',NULL,NULL),(426,'Fromental Jean-Luc',NULL,NULL),(427,'Fuentes Roland',NULL,NULL),(428,'Fugier Laurence',NULL,NULL),(429,'Gabriel Pierre',NULL,NULL),(430,'Gabrielle Vincent',NULL,NULL),(431,'Gagnon Nathalie',NULL,NULL),(432,'Galea Claudine',NULL,NULL),(433,'Galeron Henri',NULL,NULL),(434,'Galvin Michel',NULL,NULL),(435,'Garralon Claire',NULL,NULL),(436,'Garth Williams',NULL,NULL),(437,'Gastaut Charlotte',NULL,NULL),(438,'Gaussel Alain',NULL,NULL),(439,'Gay Michel',NULL,NULL),(440,'Gay-Para Praline',NULL,NULL),(441,'Geffen Yehonatan',NULL,NULL),(442,'Géhin Elisa',NULL,NULL),(443,'Gellé Albane',NULL,NULL),(444,'Gendre Nathalie',NULL,NULL),(445,'Gendrin Catherine',NULL,NULL),(446,'Gibert Bruno',NULL,NULL),(447,'Gil Isabelle',NULL,NULL),(448,'Ginsburg Mirra',NULL,NULL),(449,'Giono Jean',NULL,NULL),(450,'Giordano Philip',NULL,NULL),(451,'Girardet et Merleau-Ponty',NULL,NULL),(452,'Girardet Sylvie',NULL,NULL),(453,'Giraud Robert',NULL,NULL),(454,'Glondoumé Sika',NULL,NULL),(455,'Go Hyejin',NULL,NULL),(456,'Goble Paul',NULL,NULL),(457,'Godard Alex',NULL,NULL),(458,'Godeau Vincent',NULL,NULL),(459,'Goffin Josse',NULL,NULL),(460,'Golan Haji',NULL,NULL),(461,'Goossens Philippe',NULL,NULL),(462,'Gougaud Henri',NULL,NULL),(463,'Gouichoux René',NULL,NULL),(464,'Gourounas Jean',NULL,NULL),(465,'Goytisolo José Augustin',NULL,NULL),(466,'Grant Joan',NULL,NULL),(467,'Gratias Claire',NULL,NULL),(468,'Grave Marie-Eve de',NULL,NULL),(469,'Gravel Elise',NULL,NULL),(470,'Gravel François',NULL,NULL),(471,'Graves Robert',NULL,NULL),(472,'Gravett Emily',NULL,NULL),(473,'Gréban Quentin',NULL,NULL),(474,'Greef Sabine de',NULL,NULL),(475,'Green Ilya',NULL,NULL),(476,'Grégoire Caroline',NULL,NULL),(477,'Grelet Isabella',NULL,NULL),(478,'Grenier Christian',NULL,NULL),(479,'Griffon A',NULL,NULL),(480,'Grimm Jacob et Wilhelm',NULL,NULL),(481,'Grimm Jakob et Wilhelm',NULL,NULL),(482,'Grimm Jakob et Willhelm',NULL,NULL),(483,'Grindley Sally',NULL,NULL),(484,'Gripari Pierre',NULL,NULL),(485,'Grosléziat Chantal',NULL,NULL),(486,'Grosz Pierre',NULL,NULL),(487,'Grousset Alain',NULL,NULL),(488,'Grunelius Hollard',NULL,NULL),(489,'Grunelius-Hollard Agnès',NULL,NULL),(490,'Gudule',NULL,NULL),(491,'Guenoun Joël',NULL,NULL),(492,'Guérif Andy',NULL,NULL),(493,'Guettier Bénédicte',NULL,NULL),(494,'Gueyfier Judith',NULL,NULL),(495,'Guibert Françoise de',NULL,NULL),(496,'Guillaume Olive',NULL,NULL),(497,'Guillbaud Luce',NULL,NULL),(498,'Guillevic',NULL,NULL),(499,'Guillon Camille',NULL,NULL),(500,'Guilloppé Antoine',NULL,NULL),(501,'Guillotte Eric',NULL,NULL),(502,'Gunzig Thomas',NULL,NULL),(503,'Gutleben Muriel',NULL,NULL),(504,'Gutman claude',NULL,NULL),(505,'Guyennon Duchêne Claudie',NULL,NULL),(506,'Gypteau Nadia',NULL,NULL),(507,'Hahn Cyril',NULL,NULL),(508,'Hakim Miloud',NULL,NULL),(509,'Hale Nathan',NULL,NULL),(510,'Hall Kirsten',NULL,NULL),(511,'Hannappe David',NULL,NULL),(512,'Harcourt Claire d\'',NULL,NULL),(513,'Harrison David',NULL,NULL),(514,'Haughton Chris',NULL,NULL),(515,'Havard Christian',NULL,NULL),(516,'Havette Servane',NULL,NULL),(517,'Hayashi Emiri',NULL,NULL),(518,'Hédelin Pascale',NULL,NULL),(519,'Hee-na Baek',NULL,NULL),(520,'Heitz Bruno',NULL,NULL),(521,'Held Jacqueline et Claude',NULL,NULL),(522,'Helft Claude',NULL,NULL),(523,'Hellings Colette',NULL,NULL),(524,'Henderson Kathy',NULL,NULL),(525,'Henkes Kevin',NULL,NULL),(526,'Henry Jean-Marie',NULL,NULL),(527,'Herbauts Anne',NULL,NULL),(528,'Herbert Scott Ann',NULL,NULL),(529,'Herbreteau Gaston',NULL,NULL),(530,'Hérédia Géraldine',NULL,NULL),(531,'Heurté Yves',NULL,NULL),(532,'Higgins Ryan T',NULL,NULL),(533,'Hikmet Hazim',NULL,NULL),(534,'Hill Eric',NULL,NULL),(535,'Hinckel Florence',NULL,NULL),(536,'Hindenoch Michel',NULL,NULL),(537,'Hirsching Nicolas de',NULL,NULL),(538,'Hoban Kristy Lillian',NULL,NULL),(539,'Hoban Tana',NULL,NULL),(540,'Hobson Bruce',NULL,NULL),(541,'Hoestlandt Jo',NULL,NULL),(542,'Hole Stian',NULL,NULL),(543,'Holmelund Minarik Else',NULL,NULL),(544,'Holzwarth Werner',NULL,NULL),(545,'Horowitz Anthony',NULL,NULL),(546,'Houdart Emmanuelle',NULL,NULL),(547,'Hudrisier Cécile',NULL,NULL),(548,'Hughes Emily',NULL,NULL),(549,'Hugo Hector',NULL,NULL),(550,'Hugo Victor',NULL,NULL),(551,'Hutchins Pat',NULL,NULL),(552,'Ibn el Muqaffa Abdallah',NULL,NULL),(553,'Ichikawa Satomi',NULL,NULL),(554,'Inkpen Mick',NULL,NULL),(555,'Ionesco Eugène',NULL,NULL),(556,'Ipcar Dahlov',NULL,NULL),(557,'Issa',NULL,NULL),(558,'Ivanovitch Lair Albena',NULL,NULL),(559,'Iwamura Kasuo',NULL,NULL),(560,'Iwamura Kazuo',NULL,NULL),(561,'Jacques Benoît',NULL,NULL),(562,'Jadoul Emile',NULL,NULL),(563,'Jaffé Laura',NULL,NULL),(564,'Jaffrennou Yves',NULL,NULL),(565,'Jalbert Philippe',NULL,NULL),(566,'Jalibert Maria',NULL,NULL),(567,'James Simon',NULL,NULL),(568,'Jandl Ernst',NULL,NULL),(569,'Janikovszky Eva',NULL,NULL),(570,'Janisch Hans',NULL,NULL),(571,'Japon',NULL,NULL),(572,'Jay Françoise',NULL,NULL),(573,'Jean Didier',NULL,NULL),(574,'Jean Georges',NULL,NULL),(575,'Jenkins Steve',NULL,NULL),(576,'Joffre Véronique',NULL,NULL),(577,'John Jory',NULL,NULL),(578,'Joie par les livres',NULL,NULL),(579,'Joire Françoise',NULL,NULL),(580,'Jolibois Christian',NULL,NULL),(581,'Joly Fanny',NULL,NULL),(582,'Jonas Anne',NULL,NULL),(583,'Jonquet Thierry',NULL,NULL),(584,'Joslin Sesyle',NULL,NULL),(585,'Joubert Jean',NULL,NULL),(586,'Jun Takabataka',NULL,NULL),(587,'Ka Olivier',NULL,NULL),(588,'Kaïteris Constantin',NULL,NULL),(589,'Kalan Robert',NULL,NULL),(590,'Kalioujny Pauline',NULL,NULL),(591,'Kamoun Martine',NULL,NULL),(592,'Kang Hye-sook',NULL,NULL),(593,'Kanor Fabienne',NULL,NULL),(594,'Kasano Yuchi',NULL,NULL),(595,'Kasza Keiko',NULL,NULL),(596,'Kebrety Maryam',NULL,NULL),(597,'Kemmeter Philippe de',NULL,NULL),(598,'Kérillis Hélène',NULL,NULL),(599,'Kerloc\'h Jean-Pierre',NULL,NULL),(600,'Kerloch\' Jean Pierre',NULL,NULL),(601,'Kerr Judith',NULL,NULL),(602,'Kessler Frédéric',NULL,NULL),(603,'Khaldi-Bonnaud Ahmed',NULL,NULL),(604,'Khémir Nacer',NULL,NULL),(605,'Khoury Gatha Vénus',NULL,NULL),(606,'Khoury-Ghata Vénus',NULL,NULL),(607,'Kiffer Christine',NULL,NULL),(608,'Kiko',NULL,NULL),(609,'Kimiko',NULL,NULL),(610,'Kimura Ken',NULL,NULL),(611,'Kinsa Gabriel',NULL,NULL),(612,'Kipling Rudyard',NULL,NULL),(613,'Kipling/Chaliand Gérard',NULL,NULL),(614,'Kitamura Satochi',NULL,NULL),(615,'Kitzing Constanze',NULL,NULL),(616,'Klassen Jon',NULL,NULL),(617,'Klausmeier Klaus',NULL,NULL),(618,'Knowles Sheena',NULL,NULL),(619,'Kochka',NULL,NULL),(620,'Kochka, d\'après Andersen',NULL,NULL),(621,'Koenig Viviane',NULL,NULL),(622,'Kogjan Grégoire',NULL,NULL),(623,'Konaté Moussa',NULL,NULL),(624,'Könnecke Ole',NULL,NULL),(625,'Korkos Alain',NULL,NULL),(626,'Kowarsky Didier',NULL,NULL),(627,'Kraus Robert',NULL,NULL),(628,'Krings Anton',NULL,NULL),(629,'Kubler Laurence',NULL,NULL),(630,'Kunhardt Dorothy',NULL,NULL),(631,'Kuo Fifi',NULL,NULL),(632,'La Fontaine',NULL,NULL),(633,'La Villefromoit Sophie de',NULL,NULL),(634,'Laâbi Jocelyne',NULL,NULL),(635,'Labourdique Jacques',NULL,NULL),(636,'Lacasa Gomez Bianca',NULL,NULL),(637,'Lacet Yvonne',NULL,NULL),(638,'Lacombe Benjamin',NULL,NULL),(639,'Lacor Agnès',NULL,NULL),(640,'Laffon Caroline',NULL,NULL),(641,'Laffon Martine',NULL,NULL),(642,'Lafonta Isabelle',NULL,NULL),(643,'Lagerlof Selma',NULL,NULL),(644,'Lalinon Gbado Béatrice',NULL,NULL),(645,'Lambersy Werner',NULL,NULL),(646,'Lang Suzanne',NULL,NULL),(647,'Laporte Michel',NULL,NULL),(648,'Larizza Olivier',NULL,NULL),(649,'Larreula Enric',NULL,NULL),(650,'Latyk Olivier',NULL,NULL),(651,'Laugausie Justine de',NULL,NULL),(652,'Laurent Nathalie',NULL,NULL),(653,'Lautru Michel',NULL,NULL),(654,'Lavie Oren',NULL,NULL),(655,'Le Clézio JMG',NULL,NULL),(656,'Le Craver Jean Louis',NULL,NULL),(657,'Le Gall Loïc',NULL,NULL),(658,'Le Hir Marion',NULL,NULL),(659,'Le Néouanic Lionel',NULL,NULL),(660,'Le Saux A. et Solotareff G.',NULL,NULL),(661,'Le Saux Alain',NULL,NULL),(662,'Le Touzé Anne Isabelle',NULL,NULL),(663,'Lear Edward',NULL,NULL),(664,'Leblanc Catherine',NULL,NULL),(665,'Leblond Michaël',NULL,NULL),(666,'Lecaye Alexis',NULL,NULL),(667,'Lecaye Emmanuel',NULL,NULL),(668,'Lecaye Olga',NULL,NULL),(669,'Lechermeier Philippe',NULL,NULL),(670,'Lecointre Jean',NULL,NULL),(671,'Leduc Daniel',NULL,NULL),(672,'Lee Hyun-kyeong',NULL,NULL),(673,'Lee Suzy',NULL,NULL),(674,'Legendre Françoise',NULL,NULL),(675,'Léger-Cresson Nathalie',NULL,NULL),(676,'Legrand Gilbert',NULL,NULL),(677,'Legrand Marie',NULL,NULL),(678,'Lejonc Régis',NULL,NULL),(679,'Lenain Thierry',NULL,NULL),(680,'Lenglet Maud',NULL,NULL),(681,'Leo Patrice',NULL,NULL),(682,'Leprince de Beaumont',NULL,NULL),(683,'Leroy Hélène',NULL,NULL),(684,'Leroy Jean',NULL,NULL),(685,'Lestrade Agnès de',NULL,NULL),(686,'Letuffe Anne',NULL,NULL),(687,'Lévêque Valérie',NULL,NULL),(688,'Levine Ellen',NULL,NULL),(689,'Lévy Didier',NULL,NULL),(690,'Lewis Jean-Patrick',NULL,NULL),(691,'Lexau Joan',NULL,NULL),(692,'Leynaud Johan',NULL,NULL),(693,'Lhomme Sandrine',NULL,NULL),(694,'Lila Prap',NULL,NULL),(695,'Lilienthal Henri',NULL,NULL),(696,'Lionni Leo',NULL,NULL),(697,'Lloyd Sam',NULL,NULL),(698,'Lobel Arnold',NULL,NULL),(699,'Lodge Jo',NULL,NULL),(700,'London Jack',NULL,NULL),(701,'Longour Michèle',NULL,NULL),(702,'Lorant-Jolly Annick',NULL,NULL),(703,'Louchard Antonin',NULL,NULL),(704,'Loucou Michel',NULL,NULL),(705,'Loufane',NULL,NULL),(706,'Louis Catherine',NULL,NULL),(707,'Louzon Camille',NULL,NULL),(708,'Loyer Anne',NULL,NULL),(709,'Lü Yuan',NULL,NULL),(710,'Lucia Scuderi',NULL,NULL),(711,'Luciani Jean-Luc',NULL,NULL),(712,'M Serres Alain',NULL,NULL),(713,'Mabanckou Alain',NULL,NULL),(714,'Mac Bratney Sam',NULL,NULL),(715,'Mac Kee David',NULL,NULL),(716,'Machado Ana Maria',NULL,NULL),(717,'Macri Giancarlo',NULL,NULL),(718,'Magnier Bernard',NULL,NULL),(719,'Major Lenia',NULL,NULL),(720,'Malineau Jean Hugues',NULL,NULL),(721,'Mallard Marie-Constance',NULL,NULL),(722,'Malnuit Françoise',NULL,NULL),(723,'Malte Marcus',NULL,NULL),(724,'Manceau Edouard',NULL,NULL),(725,'Mandelbaum Pili',NULL,NULL),(726,'Manfeï Obin',NULL,NULL),(727,'Mankour Mohamed',NULL,NULL),(728,'Marais Frédéric',NULL,NULL),(729,'Marc Solal',NULL,NULL),(730,'Marceau Fani',NULL,NULL),(731,'Mardam-Bey Farouk',NULL,NULL),(732,'Mari Iela',NULL,NULL),(733,'Mari Iela et Enzo',NULL,NULL),(734,'Marie et Joseph',NULL,NULL),(735,'Marsol Manuel',NULL,NULL),(736,'Martin Bill',NULL,NULL),(737,'Martin Simon',NULL,NULL),(738,'Massenot Véronique',NULL,NULL),(739,'Massini Anaïs',NULL,NULL),(740,'Matéo Pepito',NULL,NULL),(741,'Matéo Pepito, Bigot Gigi',NULL,NULL),(742,'Mathis',NULL,NULL),(743,'Mathis Jean-Marc',NULL,NULL),(744,'Matsuoka Tatsuhide',NULL,NULL),(745,'Mau Olivier',NULL,NULL),(746,'Maubille Jean',NULL,NULL),(747,'Maudet Mathieu',NULL,NULL),(748,'Maunoury Jean Louis',NULL,NULL),(749,'Maussion Anne',NULL,NULL),(750,'Mayer Mercer',NULL,NULL),(751,'Mayo Margaret',NULL,NULL),(752,'Mazard Claire',NULL,NULL),(753,'Mbaye Ndaak Babacar',NULL,NULL),(754,'Mbodj Souleymane',NULL,NULL),(755,'McDermott Gerald',NULL,NULL),(756,'McKinnon Heidi',NULL,NULL),(757,'McNeil David',NULL,NULL),(758,'Mebs Gudrun',NULL,NULL),(759,'Mélano Olivier',NULL,NULL),(760,'Mélisou Marie',NULL,NULL),(761,'Mercier Julie',NULL,NULL),(762,'Mereu Agata',NULL,NULL),(763,'Merleau-Ponty Claire',NULL,NULL),(764,'Mets Alan',NULL,NULL),(765,'Meunier Henri',NULL,NULL),(766,'Mezquita Roberto',NULL,NULL),(767,'Mezzalama Chiara',NULL,NULL),(768,'Miège-Simansky Denise',NULL,NULL),(769,'Minfong Ho',NULL,NULL),(770,'Minhos Martins Isabel',NULL,NULL),(771,'Minne Brigitte',NULL,NULL),(772,'Mirman Anne',NULL,NULL),(773,'Misraki',NULL,NULL),(774,'Misslin Sylvie',NULL,NULL),(775,'Miyamoto Tadao',NULL,NULL),(776,'Moeyaert Bart',NULL,NULL),(777,'Moissard Boris',NULL,NULL),(778,'Moka',NULL,NULL),(779,'Mollet Charlotte',NULL,NULL),(780,'Monari Manuela',NULL,NULL),(781,'Moncomble Gérard',NULL,NULL),(782,'Monfreid Dorothée de',NULL,NULL),(783,'Moniz Madalena',NULL,NULL),(784,'Monloubou Claire',NULL,NULL),(785,'Monnereau Michel',NULL,NULL),(786,'Monsabert A.-Sophie de',NULL,NULL),(787,'Montardre Hélène',NULL,NULL),(788,'Montse Gisbert',NULL,NULL),(789,'Moore Inga',NULL,NULL),(790,'Moraes Vinicius de',NULL,NULL),(791,'Morel François',NULL,NULL),(792,'Morgan',NULL,NULL),(793,'Morgenstern Susie',NULL,NULL),(794,'Moriceau',NULL,NULL),(795,'Morin Patrick',NULL,NULL),(796,'Morrison Toni et Slade',NULL,NULL),(797,'Mosconi Patrick',NULL,NULL),(798,'Mounié Didier',NULL,NULL),(799,'Mounier Fabienne',NULL,NULL),(800,'Mourlevat Jean Claude',NULL,NULL),(801,'Moüy Iris de',NULL,NULL),(802,'Mrzyk et Moriceau',NULL,NULL),(803,'Muller Gerda',NULL,NULL),(804,'Munari Bruno',NULL,NULL),(805,'Muratet Louis',NULL,NULL),(806,'Musa Hassan',NULL,NULL),(807,'Musa Patricia',NULL,NULL),(808,'Muzi Jean',NULL,NULL),(809,'Muzo',NULL,NULL),(810,'Mwankumi Dominique',NULL,NULL),(811,'Nadaud Claire',NULL,NULL),(812,'Nadaus Roland',NULL,NULL),(813,'Nadja',NULL,NULL),(814,'Nakamura Junko',NULL,NULL),(815,'Naumann Villemin Christine',NULL,NULL),(816,'Naumann-Villemin Christine',NULL,NULL),(817,'Neeman Sylvie',NULL,NULL),(818,'Némo et Jadoul Emile',NULL,NULL),(819,'Nessmann Philippe',NULL,NULL),(820,'Nguyên Viet Chung',NULL,NULL),(821,'Nickl Peter',NULL,NULL),(822,'Nicodème Béatrice',NULL,NULL),(823,'Nicolas Christophe',NULL,NULL),(824,'Nicolino Fabrice',NULL,NULL),(825,'Nières-Chevrel Isabelle',NULL,NULL),(826,'Ninie',NULL,NULL),(827,'Nivola Claire',NULL,NULL),(828,'Noguès Jean-Côme',NULL,NULL),(829,'Noiret Gérard',NULL,NULL),(830,'Norac Carl',NULL,NULL),(831,'Norge',NULL,NULL),(832,'Nottet Pascal',NULL,NULL),(833,'O\'Byrne Nicola',NULL,NULL),(834,'Obin Manfeï',NULL,NULL),(835,'Ocelot Michel',NULL,NULL),(836,'Ohmura Tomoko',NULL,NULL),(837,'Olive Guillaume',NULL,NULL),(838,'Ollivier Mikaël',NULL,NULL),(839,'Olten Manuela',NULL,NULL),(840,'Oppel Jean-Luc',NULL,NULL),(841,'Orizet Jean',NULL,NULL),(842,'Orsenna Erik',NULL,NULL),(843,'Oster Christian',NULL,NULL),(844,'Ouyessad Myriam',NULL,NULL),(845,'Ovaldé Véronique',NULL,NULL),(846,'Ovide',NULL,NULL),(847,'Pacovska Kveta',NULL,NULL),(848,'Painset Marie-France',NULL,NULL),(849,'Palluy Christine',NULL,NULL),(850,'Pang Miguel',NULL,NULL),(851,'Paoloni Sonia',NULL,NULL),(852,'Pappa Rodoula',NULL,NULL),(853,'Paris Cécile',NULL,NULL),(854,'Paris Hugues',NULL,NULL),(855,'Parlange Adrien',NULL,NULL),(856,'Parot Annelore',NULL,NULL),(857,'Pastoureau Michel',NULL,NULL),(858,'Pavlenko Marie',NULL,NULL),(859,'Pef',NULL,NULL),(860,'Péghaire Vincent',NULL,NULL),(861,'Pegorier Saralisa',NULL,NULL),(862,'Pelot Dylan',NULL,NULL),(863,'Pennac Daniel',NULL,NULL),(864,'Pennart Geoffroy de',NULL,NULL),(865,'Pereira Marjolaine',NULL,NULL),(866,'Perez Sébastien',NULL,NULL),(867,'Périgot Joseph',NULL,NULL),(868,'Pernaudet Christophe',NULL,NULL),(869,'Perrault Charles',NULL,NULL),(870,'Perreault Mélanie',NULL,NULL),(871,'Perret Delphine',NULL,NULL),(872,'Perrin Clotilde',NULL,NULL),(873,'Perrin Julien',NULL,NULL),(874,'Perrin Martine',NULL,NULL),(875,'Petit Michèle',NULL,NULL),(876,'Peynot Patrick',NULL,NULL),(877,'Pfeiffer Virginie',NULL,NULL),(878,'Pianina Vincent',NULL,NULL),(879,'Picouly Daniel',NULL,NULL),(880,'Pierpont Nathalie de',NULL,NULL),(881,'Pigois Melissa',NULL,NULL),(882,'Pinfold Levi',NULL,NULL),(883,'Pinguilly Yves',NULL,NULL),(884,'Pinkey Jerry',NULL,NULL),(885,'Pinson Zaza',NULL,NULL),(886,'Pinto Deborah',NULL,NULL),(887,'Pintus Eric',NULL,NULL),(888,'Piquemal Michel',NULL,NULL),(889,'Pittau Francesco',NULL,NULL),(890,'Pizzoli Greg',NULL,NULL),(891,'Place François',NULL,NULL),(892,'Pochard Mireille',NULL,NULL),(893,'Poe Edgar',NULL,NULL),(894,'Poirot-Cherif Sandra',NULL,NULL),(895,'Poirot-Chérif Sandra',NULL,NULL),(896,'Poitras Anique',NULL,NULL),(897,'Pommaux Yvan',NULL,NULL),(898,'Pomme d\'api',NULL,NULL),(899,'Pontavice Clémentine de',NULL,NULL),(900,'Ponti Claude',NULL,NULL),(901,'Poslaniec Christian',NULL,NULL),(902,'Pourquié Bernadette',NULL,NULL),(903,'Poussier Audrey',NULL,NULL),(904,'Pouyet Marc',NULL,NULL),(905,'Prévert Jacques',NULL,NULL),(906,'Prévot Franck',NULL,NULL),(907,'Proeng Pich',NULL,NULL),(908,'Promeyrat Coline',NULL,NULL),(909,'Propp Vladimir',NULL,NULL),(910,'Proust Marcel',NULL,NULL),(911,'Quatromme France',NULL,NULL),(912,'Queneau Raymond',NULL,NULL),(913,'Quintane Nathalie',NULL,NULL),(914,'Rachmuhl Françoise',NULL,NULL),(915,'Raisson Gwendoline',NULL,NULL),(916,'Ramadier',NULL,NULL),(917,'Ramos Mario',NULL,NULL),(918,'Ramstein Anne-Margot',NULL,NULL),(919,'Rascal',NULL,NULL),(920,'Raschka Chris',NULL,NULL),(921,'Rateau Dominique',NULL,NULL),(922,'Rathman Peggy',NULL,NULL),(923,'Ravishankar A',NULL,NULL),(924,'Rayna S Baudelot O',NULL,NULL),(925,'Renault Jean',NULL,NULL),(926,'Ressouni Demigneux Karim',NULL,NULL),(927,'Rettich Maget et Ralph',NULL,NULL),(928,'Ribeyron Samuel',NULL,NULL),(929,'Rice Hélène',NULL,NULL),(930,'Riddell Chris',NULL,NULL),(931,'Rimbaud Arthur',NULL,NULL),(932,'Rivoal Marine',NULL,NULL),(933,'Robberecht Thierry',NULL,NULL),(934,'Robert Nadine',NULL,NULL),(935,'Robillard Jean-Marie',NULL,NULL),(936,'Rocard Anne',NULL,NULL),(937,'Rodari Gianni',NULL,NULL),(938,'Roger Marie Sabine',NULL,NULL),(939,'Rogier Françoise',NULL,NULL),(940,'Roland Claudine',NULL,NULL),(941,'Roman Ghislaine',NULL,NULL),(942,'Roman Nadia',NULL,NULL),(943,'Rosen Michael',NULL,NULL),(944,'Rosensthiel Agnès',NULL,NULL),(945,'Ross Tony',NULL,NULL),(946,'Rossi Annie',NULL,NULL),(947,'Roubaud Jacques',NULL,NULL),(948,'Roumiguière Cécile',NULL,NULL),(949,'Roux Delphine',NULL,NULL),(950,'Roux Julien',NULL,NULL),(951,'Rouzé Marina',NULL,NULL),(952,'Roxbee Cox Phil',NULL,NULL),(953,'Roy Claude',NULL,NULL),(954,'Rueda Claudia',NULL,NULL),(955,'Ruel Adeline',NULL,NULL),(956,'Ruillier Jérôme',NULL,NULL),(957,'Ruiz Olivia',NULL,NULL),(958,'Rutten Mélanie',NULL,NULL),(959,'S.A.H.G.Y.K.O.D.',NULL,NULL),(960,'Sabbagh Clémence',NULL,NULL),(961,'Sadat Mandana',NULL,NULL),(962,'Sadeler Joël',NULL,NULL),(963,'Safirstein Julie',NULL,NULL),(964,'Saint-Exupéry Antoine de',NULL,NULL),(965,'Sakaï Komako',NULL,NULL),(966,'Sala Felicita',NULL,NULL),(967,'Salinas Veronica',NULL,NULL),(968,'Salisbury Martin',NULL,NULL),(969,'Sall Mamadou',NULL,NULL),(970,'Salvi Manuela',NULL,NULL),(971,'Sanchez Virginie',NULL,NULL),(972,'Sanders Alex',NULL,NULL),(973,'Sanders Louis',NULL,NULL),(974,'Santangelo Eugène',NULL,NULL),(975,'Santini Bertrand',NULL,NULL),(976,'Sara',NULL,NULL),(977,'Sarno Hélène',NULL,NULL),(978,'Sarrazin Jean-Charles',NULL,NULL),(979,'Scelles Millie J',NULL,NULL),(980,'Schädlich Hans Joachim',NULL,NULL),(981,'Schickel Emilie',NULL,NULL),(982,'Schneider Christine',NULL,NULL),(983,'Schnitzberger Simon',NULL,NULL),(984,'Schubiger Jürg',NULL,NULL),(985,'Schwarz Annelies',NULL,NULL),(986,'Scotto Thomas',NULL,NULL),(987,'Seeber Dorothea',NULL,NULL),(988,'Séguy Fabienne',NULL,NULL),(989,'Selena Elena',NULL,NULL),(990,'Sellier Marie',NULL,NULL),(991,'Sendak Maurice',NULL,NULL),(992,'Sénégas Stéphane',NULL,NULL),(993,'Seong-eun Kim',NULL,NULL),(994,'Serres Alain',NULL,NULL),(995,'Servant Stéphane',NULL,NULL),(996,'Seyvos Florence',NULL,NULL),(997,'Sheldon Dyan',NULL,NULL),(998,'Shingu Susumu',NULL,NULL),(999,'Shulevitz Uri',NULL,NULL),(1000,'Silei Fabrizio',NULL,NULL),(1001,'Silloray',NULL,NULL),(1002,'Silverstein Shel',NULL,NULL),(1003,'Simard Eric',NULL,NULL),(1004,'Siméon Jean Pierre',NULL,NULL),(1005,'Simler Isabelle',NULL,NULL),(1006,'Simon Quitterie',NULL,NULL),(1007,'Simonsen Michèle',NULL,NULL),(1008,'Skarmeta Antonio',NULL,NULL),(1009,'Slater Dashka',NULL,NULL),(1010,'Smith Lane',NULL,NULL),(1011,'Snicket Lemony',NULL,NULL),(1012,'Soleil Emilie et Jérôme',NULL,NULL),(1013,'Solet Bertrand',NULL,NULL),(1014,'Soletti Pierre',NULL,NULL),(1015,'Solotareff Grégoire',NULL,NULL),(1016,'Sommerset Mark',NULL,NULL),(1017,'Sorman Joy',NULL,NULL),(1018,'Soupault Philippe et Ré',NULL,NULL),(1019,'Soutif François',NULL,NULL),(1020,'Spier Paul',NULL,NULL),(1021,'Steff',NULL,NULL),(1022,'Stehr Frédéric',NULL,NULL),(1023,'Stehr Gérald',NULL,NULL),(1024,'Steig William',NULL,NULL),(1025,'Stein Mathilde',NULL,NULL),(1026,'Stella Gaia',NULL,NULL),(1027,'Sternberg Jacques',NULL,NULL),(1028,'Stevenson RL',NULL,NULL),(1029,'Storr Catherine',NULL,NULL),(1030,'Strasser Susanne',NULL,NULL),(1031,'Stravinsky Igor',NULL,NULL),(1032,'Su Dong Po',NULL,NULL),(1033,'Supervielle Jules',NULL,NULL),(1034,'Surget Alain',NULL,NULL),(1035,'Swanson Susan Marie',NULL,NULL),(1036,'Swift Jonathan',NULL,NULL),(1037,'Szac Murielle',NULL,NULL),(1038,'Taback Simms',NULL,NULL),(1039,'Tae-Jun Lee',NULL,NULL),(1040,'Taïeb el Alj Ahmed',NULL,NULL),(1041,'Tallec Olivier',NULL,NULL),(1042,'Tamarin Annette',NULL,NULL),(1043,'Tanaka Béatrice',NULL,NULL),(1044,'Tardieu Jean',NULL,NULL),(1045,'Tashlin Frank',NULL,NULL),(1046,'Tawa Kouam',NULL,NULL),(1047,'Teckentrup Britta',NULL,NULL),(1048,'Tenor Arthur',NULL,NULL),(1049,'Texier Ophélie',NULL,NULL),(1050,'Teyssèdre Fabienne',NULL,NULL),(1051,'Thévenet Séverine',NULL,NULL),(1052,'Thiès Paul',NULL,NULL),(1053,'Thiry Marie-Eve',NULL,NULL),(1054,'Thomas Valérie',NULL,NULL),(1055,'Thydell',NULL,NULL),(1056,'Timmers Leo',NULL,NULL),(1057,'Titus',NULL,NULL),(1058,'Tixier Jean Christophe',NULL,NULL),(1059,'Todd-Stanton Joe',NULL,NULL),(1060,'Tolstoï Alexis',NULL,NULL),(1061,'Tolstoï Léon',NULL,NULL),(1062,'Torres Cimarusti Marie',NULL,NULL),(1063,'Touquet Marie',NULL,NULL),(1064,'Touzeil Jean Claude',NULL,NULL),(1065,'Trédez Emmanuel',NULL,NULL),(1066,'Troïanowski Johan',NULL,NULL),(1067,'Trotereau Anne',NULL,NULL),(1068,'Trouillot Evelyne',NULL,NULL),(1069,'Tsarfati Einat',NULL,NULL),(1070,'Tullet Hervé',NULL,NULL),(1071,'Tupera Tupera',NULL,NULL),(1072,'Turin Adela',NULL,NULL),(1073,'Turin Joëlle',NULL,NULL),(1074,'Twain Mark',NULL,NULL),(1075,'Tzannes',NULL,NULL),(1076,'Ubac Claire',NULL,NULL),(1077,'UG Philippe',NULL,NULL),(1078,'Uman Jennifer/Vidal V.',NULL,NULL),(1079,'Ungerer Tomi',NULL,NULL),(1080,'Urial',NULL,NULL),(1081,'Utton Peter',NULL,NULL),(1082,'Uzunoglu Adelheid',NULL,NULL),(1083,'Valckx Catharina',NULL,NULL),(1084,'Valckx Catherine',NULL,NULL),(1085,'Valentin Elsa',NULL,NULL),(1086,'Van Biesen Koen',NULL,NULL),(1087,'Van de Velden Edward',NULL,NULL),(1088,'Van de Wendel Edouard',NULL,NULL),(1089,'Van der Hout Mies',NULL,NULL),(1090,'Van der Linden Sophie',NULL,NULL),(1091,'Van der Zee Ruth',NULL,NULL),(1092,'Van Genechten Guido',NULL,NULL),(1093,'Van Hout Mies',NULL,NULL),(1094,'Van Laan Nancy',NULL,NULL),(1095,'Van Zeveren',NULL,NULL),(1096,'Van Zeveren Michel',NULL,NULL),(1097,'Varley Susan',NULL,NULL),(1098,'Vasconcelos José Mauro de',NULL,NULL),(1099,'Vassallo Rose-Marie',NULL,NULL),(1100,'Vast Emilie',NULL,NULL),(1101,'Vatinel Pascal',NULL,NULL),(1102,'Vaugelade Anaïs',NULL,NULL),(1103,'Veille Eric',NULL,NULL),(1104,'Verdelet-Lamare Annie',NULL,NULL),(1105,'Verluca Constance',NULL,NULL),(1106,'Vernette Véronique',NULL,NULL),(1107,'Vian Boris',NULL,NULL),(1108,'Victor Sylvain',NULL,NULL),(1109,'Vidal Francine',NULL,NULL),(1110,'Vidal Séverine',NULL,NULL),(1111,'Vignal Hélène',NULL,NULL),(1112,'Villard Marc',NULL,NULL),(1113,'Villiot Bernard',NULL,NULL),(1114,'Vincensini Paul',NULL,NULL),(1115,'Vincent François',NULL,NULL),(1116,'Vincent Gabrielle',NULL,NULL),(1117,'Vinet Sofie',NULL,NULL),(1118,'Vissière Sophie',NULL,NULL),(1119,'Vivardi Liuna',NULL,NULL),(1120,'Voake Charlotte',NULL,NULL),(1121,'Voigt Marie',NULL,NULL),(1122,'Voltz Christian',NULL,NULL),(1123,'Voutch',NULL,NULL),(1124,'Waddell Martin',NULL,NULL),(1125,'Wagner Jenny',NULL,NULL),(1126,'Wall Fiona',NULL,NULL),(1127,'Watanabe Issa',NULL,NULL),(1128,'Watanabe Michio',NULL,NULL),(1129,'Watt Fiona',NULL,NULL),(1130,'Weaver Jo',NULL,NULL),(1131,'Weiss Anne',NULL,NULL),(1132,'Weninger Brigitte',NULL,NULL),(1133,'Weulersse Odile',NULL,NULL),(1134,'Whelan Gloria',NULL,NULL),(1135,'Wiesner David',NULL,NULL),(1136,'Willems Mo',NULL,NULL),(1137,'Willer Thérèse',NULL,NULL),(1138,'Willis Jeanne',NULL,NULL),(1139,'Wilsdorf Anne',NULL,NULL),(1140,'Wintrebert Joëlle',NULL,NULL),(1141,'Wise Brown Margaret',NULL,NULL),(1142,'Wisniewski Gaya',NULL,NULL),(1143,'Witek Jo',NULL,NULL),(1144,'Wlodarczyk Isabelle',NULL,NULL),(1145,'Wood Don',NULL,NULL),(1146,'Wormell Chris',NULL,NULL),(1147,'Yagoubi Valérie',NULL,NULL),(1148,'Yeh Chun-Liang',NULL,NULL),(1149,'Yeoman John',NULL,NULL),(1150,'Yi Gee Eun',NULL,NULL),(1151,'Yolen Jane',NULL,NULL),(1152,'Yonezu Yusuke',NULL,NULL),(1153,'Yumoto Kazumi',NULL,NULL),(1154,'Yzac Adeline',NULL,NULL),(1155,'Zarcate Catherine',NULL,NULL),(1156,'Zemach Margot',NULL,NULL),(1157,'Zenzius Pierre',NULL,NULL),(1158,'Zidrou',NULL,NULL),(1159,'Zimet Ben',NULL,NULL),(1160,'Zoboli Giovanna',NULL,NULL),(1161,'Zolotow Charlotte',NULL,NULL),(1162,'Zullo Germano',NULL,NULL);
/*!40000 ALTER TABLE `Author` ENABLE KEYS */;
UNLOCK TABLES;

--
-- Table structure for table `Book`
--

DROP TABLE IF EXISTS `Book`;
/*!40101 SET @saved_cs_client     = @@character_set_client */;
/*!50503 SET character_set_client = utf8mb4 */;
CREATE TABLE `Book` (
  `id` int NOT NULL AUTO_INCREMENT,
  `title` varchar(255) NOT NULL,
  `author_id` int DEFAULT '1',
  `publisher_id` int DEFAULT '1',
  PRIMARY KEY (`id`),
  KEY `publisher_id` (`publisher_id`),
  KEY `author_id` (`author_id`),
  CONSTRAINT `Book_ibfk_1` FOREIGN KEY (`publisher_id`) REFERENCES `Publisher` (`id`) ON DELETE CASCADE,
  CONSTRAINT `Book_ibfk_2` FOREIGN KEY (`author_id`) REFERENCES `Author` (`id`) ON DELETE CASCADE
) ENGINE=InnoDB AUTO_INCREMENT=2724 DEFAULT CHARSET=utf8mb4 COLLATE=utf8mb4_0900_ai_ci;
/*!40101 SET character_set_client = @saved_cs_client */;

--
-- Dumping data for table `Book`
--

LOCK TABLES `Book` WRITE;
/*!40000 ALTER TABLE `Book` DISABLE KEYS */;
INSERT INTO `Book` (`title`,`publisher_id`,`author_id`,`id`) VALUES ('Animaux d\'Afrique (les)',205,518,1),('Château de cartes',66,937,2),('Côté cœur',84,919,3),('Animaux de l\'herbier (les)',296,637,4),('Brindille',205,267,5),('Anisia',138,658,6),('Couché, Papa !',84,15,7),('Auberge de Nulle Part (l\')',114,690,8),('Château de sable (le)',53,1069,9),('Anna et le gorille',84,151,10),('Bronto mégalo saure',272,175,11),('Anna qui chante',41,851,12),('Aucassin et Nicolette',124,173,13),('Coucou !',84,32,14),('Ceci est un poème qui guérit les poissons',269,1004,15),('Brouille (la)',84,131,16),('Anne Fine',84,190,17),('Coucou ! C\'est moi, Turlututu',32,1070,18),('Châteaux forts (les)',216,701,19),('Broutille',54,527,20),('Cendrillon',189,869,21),('Au-delà de moi',290,133,22),('Anneau de jade (l\')',205,253,23),('Chaussures neuves (les)',84,900,24),('Cendrillon au musée',6,603,25),('Chauve souris (la)',248,407,26),('Annie du lac',84,277,27),('Chauve-souris (la)',169,469,28),('Aujourd\'hui je suis…',210,1093,29),('Aujourd\'hui je t\'aime',84,339,30),('Anniversaire (l\')',84,391,31),('Aujourd\'hui on va…',210,1089,32),('Anniversaire de Monsieur Guillaume (l\')',84,1102,33),('Auteurs et illustrateurs dans la cité',179,244,34),('Anthologie de poésie arabe contemporaine',5,244,35),('Auto-stoppeur (l\')',124,545,36),('Cent bêtes pour ceux qui s\'embêtent',279,138,37),('Autre (l\')',84,885,38),('Autre Monsieur Paul (l\')',284,961,39),('Cerf-volant de Toshiro (le)',216,941,40),('Aux commencements',153,984,41),('Ces livres qui font grandir les enfants',79,1073,42),('Aux marches du palais',79,779,43),('Coucou Coco',84,782,44),('Ces livres qui font grandir les enfants',79,1073,45),('Aux petits enfants les grands livres',20,244,46),('Brown bear, brown bear, what do you see ?',234,736,47),('Ces livres qui font grandir les enfants',79,1073,48),('Avale, Léonardichon !',84,1102,49),('Coucou, c\'est moi',101,157,50),('Anthony Browne',99,153,51),('Avaleur de bobos (l\')',84,562,52),('Bruits',290,61,53),('César',84,1015,54),('Chavola (la)',187,911,55),('Coucou, qui se cache ?',9,1062,56),('Avant d\'être un bébé',267,854,57),('Anthony Browne',84,152,58),('Buffle et l’Oiseau (le)',284,1155,59),('Chedid (le)',195,212,60),('C\'est à moi !',84,108,61),('Coucou, tu me vois ?',115,244,62),('Chemin qui ne mène nulle part (le)',279,937,63),('Anthony Browne, histoires d\'une œuvre',84,151,64),('Bureau des papas perdus (le)',6,1103,65),('Chenille qui fait des trous (la)',202,182,66),('C\'est bien ! C\'est affreux !',271,691,67),('Chenille qui fait des trous (la)',202,182,68),('Anticontes de fées',84,1015,69),('Avant la télé',84,897,70),('Cher Père Noël',84,32,71),('Anti-livre de lecture (l\')',8,138,72),('Avec Jeanne Ashbé, nourrissons les bébés',84,218,73),('Cherche amis',84,903,74),('Anton est magicien',84,624,75),('Avec le temps',290,770,76),('C\'est bien la moindre des choses',207,724,77),('Avec quelques briques',141,458,78),('C\'est chic !',278,345,79),('Avec trois brins de laine',87,274,80),('Aventures de la petite souris (les)',198,252,81),('C\'est dingue',115,889,82),('Cherchons loup sachant lire',84,373,83),('Couleur de la nuit (la)',144,598,84),('Anton et la feuille',84,624,85),('Aventures de Lester (les)',84,624,86),('C\'est l\'histoire',198,271,87),('Chère madame ma grand-mère',216,138,88),('Anton et les filles',84,624,89),('Aventures de Renart le goupil (les)',291,255,90),('C\'est l\'histoire du poisson bavard',279,267,91),('Anton et les rabat-joie',84,624,92),('Bus de Rosa (le)',273,1000,93),('Aoulout',301,413,94),('Couleurs',32,1070,95),('Apprendre à lire : échec à l\'échec',206,204,96),('Bus en goguette',153,937,97),('Couleurs à sensation',267,447,98),('C\'est l\'histoire d\'un éléphant',272,685,99),('Couleurs couleurs',210,847,100),('Couleurs florilège',114,244,101),('Apprenti loup (l\')',84,131,102),('Couleurs, lumières et reflets',5,191,103),('Après-midi d\'une fée (l\')',279,127,104),('Coup de foudre',84,1015,105),('Aquarium',249,398,106),('Butinages',280,529,107),('Coup de gigot',115,285,108),('Araignée qui ne perd pas son temps (l\')',202,182,109),('Buveur de pluie (le)',151,328,110),('C\'est l\'histoire d\'un hippopotame',272,685,111),('Coupeur de mots (le)',101,980,112),('Chère Mamie',144,211,113),('Arbre (l\')',194,787,114),('C P Ça veut dire quoi ?',205,724,115),('C\'est l\'histoire d\'une grenouille',272,685,116),('Cour couleurs (la)',269,526,117),('C\'est ma maison',205,450,118),('C\'est moi le plus beau',84,917,119),('Courageux petit tailleur (le)',257,787,120),('Aventures de Tom Pouce (les)',205,600,121),('C\'est moi le plus fort',84,917,122),('Ça dépend',128,239,123),('Chers Maman et Papa',84,472,124),('Ça fait peur !',84,32,125),('Aventures de Tom Sawyer (les)',110,1074,126),('Arbre à miel (l\')',158,510,127),('Ça fait rire les poètes',269,526,128),('C\'est moi le roi !',279,109,129),('Ca pourrait être pire',66,1156,130),('Arbre de paix (l\')',101,582,131),('Cours !',272,175,132),('Ça se peut ou ça se peut pas ?',205,724,133),('Course (la)',84,1043,134),('C\'est mon arbre',84,1041,135),('Ça va mieux !',84,32,136),('Arbre généreux (l\')',84,1002,137),('Course (la)',205,724,138),('C\'est pas juste !',9,888,139),('Course épique',272,345,140),('Crapaud et la clef des eaux',284,59,141),('Arbre mime le vent pour plaire à ses feuilles (l’)',239,1066,142),('Ça va pas la tête',128,442,143),('Aventures d\'une petite bulle rouge (les)',84,732,144),('C\'est pas ma faute',267,1122,145),('Cri (le)',267,765,146),('Arbre qui pense (l\')',269,912,147),('Caca boudin',84,111,148),('C\'est pour qui ?',84,391,149),('Crictor',84,1079,150),('Caché !',290,349,151),('Arbre sans fin (l\')',84,900,152),('Crime caramels',211,270,153),('Arbre, le loir et les oiseaux (l\')',84,732,154),('Cheval de craie (le)',165,429,155),('Cache-cache dans la jungle !',9,268,156),('C\'est quoi, la mort ?',9,888,157),('Azur et Asmar',216,835,158),('Crime de Cornin Bouchon (le)',125,734,159),('Archiviste du vent',62,1114,160),('Chèvre biscornue (la)',79,607,161),('Baboon',115,48,162),('C\'est ta faute !',207,147,163),('Babouches d\'Abou Kassem (les)',279,1,164),('Arcimboldo',259,452,165),('Bagdan et la louve aux yeux d\'or',279,941,166),('Baguette magique de Pélagie (la)',205,1054,167),('Chèvres aux yeux doux (les)',115,295,168),('Bain d\'Abel (le)',84,903,169),('C\'est un jardin',16,325,170),('Chez les ours',84,339,171),('Bal des sorcières (le)',257,1034,172),('Armand chez les Passimpas',284,745,173),('Balaabilou',114,655,174),('C\'est un livre',115,1010,175),('Chez moi',6,175,176),('Art à la loupe (l\')',279,512,177),('Ballade de Cornebique (la)',114,800,178),('Article 309 du code pénal du jardin',278,301,179),('Chez un père crocodile',198,339,180),('Chhht !',84,483,181),('Cette belle dame',84,1161,182),('Chhht !',84,483,183),('Cache-cache dans la jungle !',161,461,184),('Cette nuit-là',195,267,185),('Ballade de Kiki le coq et Cucue la poule (la)',156,888,186),('Croc-Blanc',110,700,187),('Artista que pinto un caballo azul (el)',135,182,188),('Chien bleu',84,813,189),('Crocodébile',216,679,190),('Ceux qui n\'aiment pas lire',267,260,191),('Ballade de Mulan (la)',131,1148,192),('Crocodile (le)',269,947,193),('Arts primitifs entrée libre',216,990,194),('Chien et le chat (le)',84,900,195),('Crocodile crocodile',84,821,196),('Ascenseur pour le futur',284,265,197),('Chien qui voulait être chat (le)',84,261,198),('Cache-cache des grosses bêtes',216,650,199),('Ballade en tête',191,234,200),('Ascension de Saussure (l\')',267,1157,201),('Crocolion (le)',290,703,202),('Chien-chien à sa Mémère (le)',272,685,203),('Chachatatutu et le phénix (le)',284,656,204),('Cache-cache des petites bêtes',216,314,205),('Balthazar !',84,864,206),('Aspergus et moi',272,689,207),('Cromignon',84,439,208),('Banquise blues',115,577,209),('Chaise bleue (la)',84,131,210),('Cache-cache fantômes',79,3,211),('Croque Lapin (le)',34,267,212),('Assassin habite à côté (l\')',284,372,213),('Cadeau (le)',16,784,214),('Chaises (les)',198,279,215),('Cadeau oublié (le)',284,234,216),('Cafard (le)',169,469,217),('Asticots',205,425,218),('Croqueurs de mots (les)',171,292,219),('Chaises (les)',170,424,220),('Cahiers du CRILJ',1,244,221),('Cuisine de nuit',84,991,222),('Astrophysique',153,976,223),('Caillou (le)',279,301,224),('Attends, Petit Eléphant !',84,32,225),('Culotte du loup (la)',79,995,226),('Chanson de l\'hippocampe et autres poèmes',115,197,227),('Caïman, le chasseur et le lièvre (le)',15,623,228),('Cultiver',96,135,229),('Chant du sorcier (le)',32,830,230),('Calamity Jane, l\'indomptable',1,708,231),('Attends...',79,221,232),('Cygnes sauvages (les)',101,620,233),('Chant des baleines (le)',84,997,234),('Calamity Jeanne',128,468,235),('Banzaï Sakura',223,308,236),('Dame Hiver',79,481,237),('Attends-moi !',1,435,238),('Barbe-bleue (la)',278,301,239),('Calder Fishbones',59,282,240),('Bateau de Monsieur Zougloglou (le)',79,908,241),('Chant des lunes (le)',290,490,242),('Bateau de Monsieur Zougloglou (le)',79,908,243),('Attention... Je mords !',290,743,244),('Bateau la terre (le)',269,905,245),('Chapeau (le)',284,723,246),('Bateau sur l\'eau',79,134,247),('Au bois d\'Ardène',79,686,248),('Chirurgien',278,301,249),('Bateau vert (le)',114,110,250),('Chapeau à secrets (le)',84,900,251),('Choco',267,92,252),('Chapeau rond rouge',84,864,253),('Bazar bizarre',290,670,254),('Chouette (la)',279,301,255),('Chapeau volant (le)',84,1079,256),('Béatrice Smajda',84,218,257),('Chaperon rouge, collection privée',69,813,258),('Chut !',131,172,259),('Charlepogne et Poilenfrac',162,427,260),('Beau et bon',128,43,261),('Au bonheur des comptines',78,156,262),('Chut, on a un plan',290,514,263),('Charles à l\'école des dragons',279,269,264),('Chuuut !',101,769,265),('Cinq amis',198,814,266),('Danger : enfants pas sages',205,425,267),('Au boulot, Jojo !',188,952,268),('Cinq dans le lit',79,848,269),('Charles prisonnier du cyclope',279,269,270),('Câline-mi et Câline-moi',84,439,271),('Au bout des rails',272,970,272),('Dans',84,916,273),('Dans 3500 mercredis',267,6,274),('Chasse à l\'ours (la)',84,943,275),('Dans combien de temps je serai grand ?',269,995,276),('Chat',290,24,277),('Dans la boîte',198,630,278),('Au bout du compte',267,678,279),('Calinours va faire les courses',84,1022,280),('Cambouis',84,864,281),('Au clair de la terre',116,244,282),('Caméléon arc-en-ciel (le)',210,1152,283),('Chat (le)',267,779,284),('Dans la forêt du paresseux',128,119,285),('Dans la forêt profonde',84,151,286),('Au cœur du cœur',101,212,287),('Dans la jungle amazonienne',177,870,288),('Chat botté (le)',101,869,289),('Caméléon méli-mélo (le)',202,182,290),('Au commencement',279,765,291),('Canard fermier (le)',84,1124,292),('Chat Botté (le)',84,609,293),('Cinq Malfoutus (les)',128,12,294),('Cinq petits doigts',84,813,295),('Au dodo dis donc',79,311,296),('Beau ver dodu (le)',84,1094,297),('Au feu Petit Pierre',84,11,298),('Cinq sens (les)',278,1070,299),('Au jardin',290,703,300),('Beaucoup de beaux bébés',84,382,301),('Citrons !',111,349,302),('Au Jardin des plantes',269,550,303),('Bébé bonbon (le)',84,900,304),('Au lit dans 10 minutes !',84,922,305),('Claire et l\'oiseleur',106,479,306),('Bébé lézard, bébé bizarre',269,592,307),('Clarinha',79,115,308),('Capitaine',267,346,309),('Bébert l\'escargot',84,364,310),('Caprices ? C\'est fini !',79,311,311),('Claude Ponti',99,1090,312),('Caravane (la)',290,619,313),('Bébés Chouettes',84,1124,314),('Caresse du papillon (la)',267,1122,315),('Clé à molette (la)',216,469,316),('Carnaval des dragons (le)',272,360,317),('Belle et la Bête (la)',54,682,318),('Carnavalphabet',226,941,319),('Clé des contes (la)',278,143,320),('Carton rouge',84,562,321),('Clown',84,385,322),('Catsou',267,159,323),('Coâ encore!',247,324,324),('Cauchemar (le)',84,900,325),('Coccinelle mal lunée',202,182,326),('Cauchemar de Gaëtan Quichon (le)',84,1102,327),('Cochon magique (le)',84,782,328),('Cavaliers de mars (les)',225,760,329),('Coco bagarre',181,823,330),('Coco Panache',84,1083,331),('Chat chapeauté (le)',244,348,332),('Cocotte qui tiptaptope (la)',79,908,333),('Au lit tout le monde !',84,903,334),('Cocotte tricote',79,74,335),('Code de la route (le)',84,917,336),('Chat le plus mignon du monde (le)',290,878,337),('Code de l\'art (le)',227,492,338),('Au lit, petit monstre !',84,917,339),('Belle lisse poire du prince de Motordu (la)',114,859,340),('Au panier !',267,765,341),('Belles histoires du Père Castor (les)',110,244,342),('Ce livre est rempli de monstres',202,1092,343),('Au pays du Jabouti',259,1043,344),('Bergère qui mangeait ses moutons (la)',84,666,345),('Cœur de bois',219,765,346),('Chat machin (le)',284,723,347),('Bête comme ses pieds',84,364,348),('Cœur de hibou',269,1144,349),('Au petit bonheur la chance',267,6,350),('Cœur de pierre',284,344,351),('Chat noir chat blanc',198,435,352),('Coffre enchanté (le)',54,199,353),('Au revoir !',84,32,354),('Bête de mon jardin (la)',279,293,355),('Combat des Cerfs-volants (le)',84,759,356),('Chat noir et autres contes fantastiques (Le)',114,893,357),('Comme chaque matin',267,1122,358),('Au revoir blaireau',114,1097,359),('Bêtes curieuses (les)',213,292,360),('Ce livre-là',198,339,361),('Chat pas moi !',272,263,362),('Bêtes noires ont bon dos (les)',269,994,363),('Ce matin',198,814,364),('Au revoir, Papa',84,378,365),('Ce n\'est pas mon chapeau',205,616,366),('Chat trop gourmand et le perroquet (le)',216,252,367),('Ce n\'est pas très compliqué',131,928,368),('Dans la lune',230,486,369),('Au secours des Zulus-Papous',278,301,370),('Dans la maison de poupée',28,739,371),('Dans la petite maison verte',79,848,372),('Chat ventru (le)',79,1007,373),('Dans la poche de ma maman',205,1092,374),('Au secours, voilà le loup !',84,916,375),('Dans la poche ma maman',205,1092,376),('Ce n\'est pas une bonne idée',84,1136,377),('Dans la pomme',84,900,378),('Dans le ciel il y a…',183,1042,379),('Dans le détail',181,442,380),('Comme des sardines',84,795,381),('Ce que j\'aime faire',84,151,382),('Comme mon père me l\'a appris',84,919,383),('Comme si j\'avais peur',84,373,384),('Dans le gant',84,900,385),('Bibi',84,385,386),('Ce que le vieux fait est bien fait',101,23,387),('Comme un géant',290,289,388),('Dans le livre',128,730,389),('Bidou',84,300,390),('Ce que lisent les animaux',272,181,391),('Comme un sourire qui flotte',250,986,392),('Grosse pomme et autres contes de gourmandise (la)',284,438,393),('Dans le ventre de la terre',279,948,394),('Bientôt',267,765,395),('Grotte sacrée (la)',84,759,396),('Ce qui serait bien',84,476,397),('Comment ça va ?',267,793,398),('Guerre (la)',84,1102,399),('Dans le ventre du cheval de Troie',216,787,400),('Dans le ventre du poisson',27,339,401),('Guerre des mots (la)',273,301,402),('Guide de lecture \"aimer lire\"',93,244,403),('Dans les nuages',84,916,404),('Ce type est un vautour',54,976,405),('Guili Lapin',84,1136,406),('Dans les yeux d\'Angel',101,948,407),('Guillaume et la couronne du cousin Edouard',144,809,408),('Ceci est un poème qui guérit les poissons',269,1004,409),('Guillaume l\'apprenti sorcier',84,1079,410),('Dans ma maison',63,737,411),('Bienvenue',1,424,412),('Dans ma maison…',155,986,413),('Guillevic',114,498,414),('Comment élever son papa',263,661,415),('Dans Paris',79,18,416),('Gulliver',9,1036,417),('Dans Paris il y a...',269,384,418),('Habits neufs du roi (les)',134,23,419),('Danse de la pluie (la)',269,753,420),('Danse d\'hiver (la)',9,66,421),('Haïku, mon nounours',148,154,422),('De la terrible et magnifique histoire...',303,502,423),('Haïti mon pays',149,245,424),('De l\'autre côté du mur',66,1047,425),('Danse, petite lune !',269,1046,426),('Hans le balourd',269,23,427),('De quelle couleur ?',84,539,428),('Hansel et Gretel',84,481,429),('De quelle couleur est le vent ?',54,527,430),('De quelques albums…',84,302,431),('Hansel et Gretel',192,480,432),('Dauphins, princes de la mer',101,888,433),('Bienvenus',84,58,434),('Hareng saur (le)',269,275,435),('De tout mon cœur',115,55,436),('Comment élever un Raymond ?',272,685,437),('Haut les mains !',199,693,438),('De la petite taupe qui voulait savoir…',207,544,439),('Big bang pop !',23,178,440),('Helena, Ivan et les oies',79,115,441),('Comment j\'ai appris la Géographie',84,999,442),('Henry et la liberté',76,688,443),('Bigarreaux noirs (les)',84,832,444),('Comment j\'ai connu Papa',267,1110,445),('Hercule et l\'hydre de Lerne',216,787,446),('Bili-Bili',54,214,447),('Héros de la mythologie grecque',181,641,448),('Comment le rhinocéros se fit la peau',281,612,449),('Heure bleue',71,1005,450),('Bille d\'Idriss (la)',269,463,451),('Comment lire un livre ?',84,401,452),('Heure de la lune (l\')',84,972,453),('Billy se bile',84,151,454),('Déclaration (la)',84,391,455),('Heure du bisou (l\')',116,500,456),('Bison (le)',84,1083,457),('Dix petites graines',115,150,458),('Bizardos (les)',114,7,459),('Comment rallumer un dragon éteint ?',272,689,460),('Heure rouge (l\')',144,45,461),('Bizarre… bizarre',84,900,462),('Dix petits harengs (les)',153,389,463),('Comment tout a commencé',198,1119,464),('Heure vide (l\')',54,527,465),('Blaise dompteur de tache',84,900,466),('Dix petits tanks s\'en vont en guerre',290,175,467),('Blaise et la tempétueuse bouchée',84,900,468),('Comment tu dors ?',128,264,469),('Heureusement',198,203,470),('Blaise et le château d\'Anne Hiversère',84,900,471),('Docteur Henri est débordé !',157,241,472),('Blaise et le robinet',84,900,473),('De la terre et du ciel',269,937,474),('Heu-reux',267,1122,475),('Blanc sur noir',84,539,476),('Docteur, j\'en ai peur ! (le)',6,158,477),('Comment un livre vient au monde',269,994,478),('Blanche Neige',84,869,479),('Hibou chez les nounours',238,154,480),('Complot de Mortefeuille (le)',209,865,481),('Dodo, la marmotte qui ne voulait pas dormir',57,695,482),('Blancheneige',166,482,483),('Dedans dehors',9,918,484),('Hier, je t\'ai…',210,1093,485),('Compte sur tes doigts !',182,298,486),('Défilé (le)',267,346,487),('Doigts rouges (les)',285,1112,488),('Dégoûtant !',226,500,489),('Bloub bloub bloub',84,594,490),('Histoire de Babar',123,160,491),('Déjeuner de la petite ogresse (le)',84,1102,492),('Dormez-vous ?',153,615,493),('Déjeuner des loups (le)',84,864,494),('Histoire d\'Edouard',84,363,495),('Déjeuner des loups (le)',84,864,496),('Délivrez-moi !',84,972,497),('Dou et son doudou',272,692,498),('Delphinium contre le Dentignac (le)',114,301,499),('Histoire des livres pour enfants',32,331,500),('Denis fifty-fifty',279,266,501),('Histoire des trois oiseaux (l\')',278,804,502),('Gégé et les moutons',79,547,503),('Comptine',269,1044,504),('Dent (la)',12,873,505),('D\'où viens-tu Petit-Sabre ?',267,1111,506),('Bob et Marley. L\'hôtel à insectes',278,728,507),('Génie du pousse-pousse (le)',207,828,508),('Histoire du bonbon (l\')',84,1102,509),('Comptine des perroquets (la)',9,724,510),('Doudou de Tiloulou',290,138,511),('Bob et Marley. Un métier',278,728,512),('Comptines à la ferme',146,515,513),('Histoire du Grand Méchant Poulet',207,582,514),('Boîte (la)',84,900,515),('Doudou méchant (le)',84,900,516),('Comptines à la recherche du loup',146,515,517),('Histoire du renard qui n\'avait plus toute sa tête (l\')',269,47,518),('Boîte à images (la)',290,546,519),('Comptines au long des rues',6,986,520),('Doux rêveurs',71,1005,521),('Boîte des papas (la)',84,661,522),('Dentriste (la)',290,986,523),('Douze malices du hérisson',302,634,524),('Comptines de la nuit',146,515,525),('Histoire sans fin des Mafous et des Ratafous (l\')',21,990,526),('Comptines en trompe l\'œil',54,256,527),('Comptines françaises',101,363,528),('Douze manteaux de Maman (les)',162,990,529),('Bon appétit',269,663,530),('Histoires au téléphone',153,937,531),('Comptines pour bébé',146,515,532),('Bon appétit ! Monsieur Lapin',84,131,533),('Douze mois pour rire',115,1149,534),('Comptines pour la gourmandise',146,1154,535),('Histoires d\'ailleurs et de jamais',240,635,536),('Bon canapé (le)',8,631,537),('Comptines pour le père Noël',146,515,538),('Douze princesses (les)',116,481,539),('Bon voyage petite goutte',198,271,540),('Histoires d\'amour',96,78,541),('Comptines pour nasiller comme un canard',54,256,542),('Dragon bleu, dragon jaune',101,1018,543),('Bon voyage, petit bisou !',269,780,544),('Gens d\'Autour du feu (les)',272,986,545),('Comptines pour ne pas bredouiller',54,256,546),('Histoires de géants et de cyclopes',205,244,547),('Derrière la poussette',84,900,548),('Bonheur (le)',269,416,549),('Dragon de Cracovie (le)',101,558,550),('Gentil facteur (le)',8,7,551),('Comptines pour que les consonnes sonnent',54,256,552),('Histoires de Huey (les)',84,176,553),('Bonheur est coincé dans la tête (le)',84,793,554),('Des bébés, des livres',229,244,555),('Dragon vole',84,385,556),('Gentil petit diable (le)',114,484,557),('Comptines pour que les voyelles s\'emmêlent',54,256,558),('Histoires de Marcel (les)',84,151,559),('Des couleurs et des choses',84,539,560),('Bonheur est coincé dans la tête (le)',84,793,561),('Dragons de Nalsara (les). Le troisième œuf',32,310,562),('Bonheur est dans le pré (le)',101,416,563),('Georges et son Ombre',272,175,564),('Histoires d\'ours',275,888,565),('Des enfants se rencontrent par la poésie',254,444,566),('Drôle de cadeau',32,581,567),('Girafe de la lune (la)',207,490,568),('Histoires du soir autour du monde',282,244,569),('Des étoiles sur les genoux',165,664,570),('Drôle de Kâ',68,677,571),('Globe (le)',269,533,572),('Des hauts et des bas',99,230,573),('Histoires du soir autour du monde',282,244,574),('Globiboulga',267,1122,575),('Drôle de maladie de Petit Bonhomme (la)',79,311,576),('Des images et des mots',203,1131,577),('Drôle de nuit',269,568,578),('Gloups ! J\'ai avalé Cornebidouille !',84,94,579),('Des livres d\'enfants à la littérature de...',114,901,580),('Drôle de pizza',84,1024,581),('Boniface et Philibert',84,864,582),('Drôle d\'œuf',84,472,583),('Comptines pour se régaler',189,244,584),('Du bruit sous mon lit',290,742,585),('Bonjour bébé',279,138,586),('Conte de fée',269,709,587),('Histoires du soir pour filles rebelles',178,397,588),('Bonjour docteur',84,391,589),('Du côté des frères Grimm…',42,244,590),('Conte en bibliothèque (le)',60,198,591),('Histoires minutes',205,425,592),('Bonjour facteur',84,391,593),('Conte n°1',114,555,594),('Du sel sur la langue',280,497,595),('Bonjour les animaux',198,271,596),('Histoires pressées',205,425,597),('Contes',114,480,598),('Du soir au matin… jusqu\'au soir',99,153,599),('Bonjour pantin',128,442,600),('Contes',110,23,601),('Gontran le loup gourmand',77,124,602),('Hiver long, très long (Et froid, très froid)',84,562,603),('Bonjour Tommy',278,88,604),('Des livres d\'images pour tous les âges',96,921,605),('Du temps',290,976,606),('Contes à croquer',284,438,607),('Grain de riz (le)',284,438,608),('Homme à l\'oreille coupée (l\')',290,800,609),('Bonjour toucan',128,376,610),('Des livres d\'images pour tous les âges',96,921,611),('Duel au soleil',141,735,612),('Bonjour, poussin',84,448,613),('Grain magique (le)',152,22,614),('D\'une île à l\'autre',288,157,615),('Bonne bouillie (la)',79,908,616),('Des milliards d\'étoiles',290,703,617),('Homme de couleur !',40,244,618),('Contes au petit frère',145,75,619),('Bonne nuit hibou',66,551,620),('D\'une rive à l\'autre',1,948,621),('Contes d\'Afrique pour les tout-petits',205,754,622),('Homme qui allumait les étoiles (l\')',54,234,623),('Bonne nuit tout le monde',290,514,624),('Contes d\'Andersen',121,23,625),('D\'une rive à l\'autre',1,948,626),('Bonne nuit, Julien!',31,537,627),('Homme qui ne possédait rien (l\')',290,800,628),('Bonne nuit, petit monstre vert !',84,386,629),('Bonne nuit, Spot ?',216,534,630),('Duracuire (les)',216,1048,631),('Contes d\'Asie',279,462,632),('Hommes en sucre (les)',269,937,633),('Bonne pêche',279,301,634),('Horloger de l\'aube (l\')',284,531,635),('Contes de Berbérie',168,405,636),('Horrible petite princesse (l\')',84,813,637),('Bonnes nouvelles de…',274,478,638),('Contes de chevaux',9,191,639),('Hôtel Bellevue',272,689,640),('Contes de l’olivier',269,445,641),('Graine de grenade',89,290,642),('Eau (L\')',115,244,643),('Contes de la Folie Méricourt',118,484,644),('Des mots plein les poches',205,189,645),('Huit saisons et des poussières',184,1110,646),('Contes de la rue Broca',287,484,647),('Graine en couleurs (la)',6,33,648),('Echelle de magicien',84,385,649),('Contes de Provence',207,234,650),('Des nouvelles de mon chat',279,40,651),('Hulul',84,698,652),('Graine et l\'oiseau (la)',117,144,653),('Ecole du soir (l\')',267,385,654),('Des papas et des mamans',84,32,655),('Graines de cabanes',116,669,656),('Icare et les conquérants du ciel',216,244,657),('Des petits riens au goût de citron',290,321,658),('Ecole est en feu (l\')',84,917,659),('Grammaire en fête',108,212,660),('Contes de Russie',6,244,661),('Igor et les trois petits cochons',84,864,662),('Des poux dans ma téci',284,811,663),('Bonnes nouvelles de…',274,679,664),('Il était 2 fois dans l\'Ouest',272,1110,665),('Grammaire est une chanson douce (la)',242,842,666),('Contes de Russie',298,171,667),('Il était un petit navire',205,313,668),('Contes des calligraphes et des sultans',117,806,669),('Des sourires et des pommes',45,356,670),('Ecole qui n\'existait pas (l\')',245,490,671),('Contes des indiens des Chiapas',5,250,672),('Grand Blanc',54,500,673),('Il était une chaise',35,520,674),('Des vagues',71,1005,675),('Grand corbeau',272,414,676),('Déserteur (le)',236,1107,677),('Grand dessin (le)',114,110,678),('Désirs des animaux (les)',117,183,679),('Grand et petit',23,765,680),('Dessine-moi une lettre',198,91,681),('Grand imagier de l\'art (le)',227,657,682),('Détournements de contes (Les)',22,892,683),('Grand livre de la bagarre (le)',272,175,684),('Contes des mille et une nuits',292,244,685),('Deux arbres (les)',54,138,686),('Contes des mille et une nuits',101,647,687),('Grand livre du jeune citoyen (le)',269,388,688),('Bonnes nouvelles de…',274,986,689),('Deux familles pour Lulu',32,639,690),('Contes des peuples de Chine',284,496,691),('Ecureuil de Kiko (l\')',115,628,692),('Grand livre vert (le)',114,471,693),('Bonnet Rouge (le)',210,1132,694),('Deux goinfres (les)',84,261,695),('Contes d\'Orient',271,290,696),('Bossu et le Ninki-Nanka (le)',145,225,697),('Contes du bout du monde',275,309,698),('Contes du Brésil',284,1043,699),('Contes du cimetière (les)',116,1124,700),('Contes du Maghreb',123,808,701),('Bou et les trois zours',249,1085,702),('Il était une fois',290,337,703),('Contes d\'un roi pas si sage',279,941,704),('Grand Loup et Petit Loup',101,157,705),('Edouard et Armand',54,527,706),('Deux grains de grenade',114,979,707),('Il était une fois un roi et une rei…',279,565,708),('Grand Loup et Petit Loup. La petite feuille',101,157,709),('Deux gredins (les)',114,285,710),('Edouard et Armand. A la plage.',82,527,711),('Grand Loup et Petit Loup. Une si belle orange',101,157,712),('Deux grenouilles',84,1146,713),('Il fait nuit',279,340,714),('Grand match (le)',8,86,715),('Edouardo le terrible',115,165,716),('Deux mains pour le dire',285,573,717),('Il faudra',272,679,718),('Deux maisons (les)',79,626,719),('Grand méchant catalogue des loups (le)',196,629,720),('Edwina l\'émeu',84,618,721),('Deux oursons (les)',79,656,722),('Il faut délivrer Gaspard !',84,864,723),('Grand N\'importe Quoi (le)',111,46,724),('Electrico 28',3,175,725),('Deux petits chiens',54,681,726),('Boubou et grand-père',54,507,727),('Il faut savoir dire non',84,339,728),('Grand serpent (le)',8,855,729),('Contes et fables d\'Afrique',56,161,730),('Eléphant blanc (l\')',140,907,731),('Bouche cousue',79,741,732),('Il faut une fleur',269,937,733),('Contes et légendes de la mythologie',216,478,734),('Eléphant d\'eau',25,596,735),('Bouche pleine (la)',205,425,736),('Contes et musiques d\'Afrique',205,754,737),('Il l\'a fait',84,624,738),('Boucle d\'or',207,856,739),('Eléphants',290,976,740),('Boucle d\'or et les trois ours',267,346,741),('Eliott et Nestor',198,958,742),('Boucle d\'or et les trois ours',101,195,743),('Deux vies de Taro (les)',79,599,744),('Elle a dit non !',288,683,745),('Boucle d\'ours',79,995,746),('Grand sommeil (le)',84,897,747),('Elmer',84,715,748),('Contes et mythes des Maasaï',5,396,749),('Devant chez moi',29,719,750),('Contes glacés',202,1027,751),('Grand sommeil et petits lits',9,1160,752),('Eloge de la lecture',33,875,753),('Contes magiques du monde entier',116,751,754),('Il me rend chèvre',207,1138,755),('Contes pour enfants pas sages',114,905,756),('Embrassez-moi !',84,108,757),('Contes traditionnels de Provence',205,234,758),('Bouh !',84,1019,759),('Bracelet de cristal (le)',223,412,760),('Conti, conta, comptines',1,316,761),('Bravo !',84,624,762),('Coq mange-noix (le)',221,766,763),('Devant ma maison',54,358,764),('Brica da brac !',182,278,765),('Grand voyage de Mademoiselle Prudence (le)',101,437,766),('Cornebidouille',84,94,767),('Devine',197,634,768),('Bric-à-Brac',79,566,769),('Cornebidouille contre Cornebidouille',84,94,770),('Grande aventure du petit magicien (la)',83,244,771),('Devine',182,298,772),('Brigitte Smadja',84,218,773),('Grande famille (la)',216,90,774),('Corolles',182,1077,775),('Grande fête dans la jungle (la)',272,249,776),('Brigitte, la brebis qui n\'avait peur de rien',290,1108,777),('Devine combien je t\'aime',84,714,778),('Grande Flore',84,1102,779),('Devine qui fait quoi',84,803,780),('Il ne faut pas faire pipi sur son ombre',207,599,781),('Grande méchante Lou (la)',54,581,782),('Emile',84,1079,783),('Devinettes en petits morceaux',153,28,784),('Il ne faut pas habiller les animaux',84,56,785),('Grande question (la)',290,389,786),('Emile est invisible',115,281,787),('Devinettes et caramboles',269,288,788),('Grande Rivière (la)',192,946,789),('Je ne suis pas une souris',84,917,790),('Diakhere',186,969,791),('Je ne suis plus un bébé',269,441,792),('Grande vague (la)',144,738,793),('Fabuleux désastre d\'Harold Snipperpott',8,12,794),('Diamant du sultan (le)',269,445,795),('Je ne te crains plus, Alycia !',222,68,796),('Grand-mère arrose la lune',31,381,797),('Fabuleux fablier (le)',269,526,798),('Dictature des petites couettes (la)',79,475,799),('Je redessinerai le ciel bleu dans tes yeux',244,752,800),('Grand-mère Loup, y es-tu ?',115,149,801),('Fabuleux farfelus vont au travail (les)',269,894,802),('Dictionnaire des sorcières',84,1015,803),('Je rêve le monde, assis sur un vieux crocodile',269,244,804),('Grand-Pa',9,1087,805),('Fabuleux voyage du bateau-cerf (le)',190,1009,806),('Je suis amoureux d\'un tigre',285,1052,807),('Didgeridoo',181,728,808),('Faim de loup',79,887,809),('Grands explorateurs (les)',205,370,810),('Je suis né tigre',40,995,811),('Ding dang dong',198,92,812),('Fait pour ça',267,678,813),('Il neige !',237,455,814),('Grenouille à grosse bouche (la)',79,1109,815),('Je suis revenu',84,864,816),('Dinosaures (les)',216,940,817),('Empereur et le cerf-volant (l\')',166,1151,818),('Faites la queue !',84,836,819),('Gribouille en vadrouille',210,1056,820),('Il pleut des poèmes',269,526,821),('Famille (la)',115,244,822),('Dinosaures, dinosaures',84,60,823),('En attendant maman',79,1039,824),('Famille Citron (la)',267,346,825),('Gronouyot',79,995,826),('En avant, petit train !',31,233,827),('Famille Souris et le potiron (la)',84,560,828),('En poème ce monde',171,154,829),('Famille totem 1 (la)',269,994,830),('Fantôme à la main rouge (le)',216,787,831),('En rires',276,901,832),('Din\'roa la vaillante',79,656,833),('Farceurs (les)',141,357,834),('En t\'attendant',198,1100,835),('Gros chagrin',288,267,836),('Faut toujours pas confondre',279,1070,837),('Dis-moi si tu m\'aimes',207,720,838),('Fée Coquillette aime les histoires d\'amour (la)',8,689,839),('Il y a des heures qui durent longtemps',290,138,840),('Fée sorcière (la)',84,771,841),('Il y a le monde',63,994,842),('Fées du camping (les)',84,793,843),('Il y a quelqu\'un sous mon lit',205,930,844),('Félix le chien',216,636,845),('Félix Têtedeveau',101,319,846),('En toutes circonstances',164,443,847),('Femme du potier (la)',131,301,848),('En voiture',161,565,849),('Gros goûter (le)',79,995,850),('Femme panthère (la)',114,244,851),('Encore des histoires minute',205,425,852),('Dis-moi un poème qui espère',269,712,853),('Fenêtre (la)',84,900,854),('Gros mensonge (le)',186,290,855),('Il y a un cauchemar dans le grenier',115,750,856),('Je suis un amour',84,830,857),('Disparition (la)',123,503,858),('Encore des questions ?',23,398,859),('Ferme (la)',205,97,860),('Gros mot de Lili Bobo (le)',279,138,861),('Il y a un cauchemar dans mon placard',115,750,862),('Je suis un enfant de partout',269,244,863),('Disparition (la)',198,422,864),('Je suis un lion',279,703,865),('Il y avait une fois',216,811,866),('Gros mots (les)',267,798,867),('Je t’aime tous les jours',79,339,868),('Encore un coquelicot',63,994,869),('Dix minutes à perdre',284,1058,870),('Je t\'aime',290,793,871),('Ile de Ti Jean (l\')',72,1068,872),('Ferme les yeux',115,48,873),('Gros navet (le)',101,1060,874),('Encore un peu de Zuza ?',84,1102,875),('Je t\'aime du bout du monde',168,516,876),('Grosse bête de Monsieur Racine (la)',84,1079,877),('Ile du Monstril (l\')',84,897,878),('Grosse colère',84,15,879),('Grosse faim de P\'tit Bonhomme (la)',79,311,880),('Encore un peu de Zuza ?',84,1102,881),('Grosse grève (la)',116,565,882),('Illustrer les livres pour enfants',100,968,883),('Encore une fois !',84,323,884),('Ils arrivent !',153,817,885),('Encore une histoire, maman !',269,508,886),('Encyclopédie des gens qu\'on connaît pas',103,244,887),('Littérature de jeunesse, une littérature de son temps (la)',267,244,888),('Enfance de l\'art (l\')',267,385,889),('Mon chagrin',198,339,890),('Enfant de la lune rouge (l\')',78,256,891),('Littérature du grand large',47,244,892),('Images des livres pour la jeunesse',290,702,893),('Mon chat le plus bête du monde',278,40,894),('Ferme touche-touche (la)',128,376,895),('Little Lou',115,231,896),('Je t\'aime, je t\'aime, je t\'aime',205,425,897),('Enfant d\'éléphant (l\')',291,612,898),('Fête de l\'aigle (la)',126,888,899),('Mon chien',279,301,900),('Imagier caché',290,576,901),('Feuileton d\'Hermès (le)',32,1037,902),('Enfant et la baleine (l\')',205,294,903),('Fil à fil',84,32,904),('Imagier d\'Afrique',16,34,905),('Je te croquerai',9,268,906),('Little man',116,500,907),('Imagier des saisons',182,889,908),('Fil de soie (le)',290,948,909),('Mon cochon',290,112,910),('Imagier mouvementé',290,576,911),('Liu Chan et la carpe sacrée',262,888,912),('Je te hais',290,793,913),('Enfant qui défia le tigre (l\')',101,453,914),('Fille de l\'ogre (la)',145,579,915),('Je veux être une maman… tout de suite',84,269,916),('Imagier pour jouer',182,393,917),('Fille des batailles (la)',54,891,918),('Enfant qui retrouva le sourire (l\')',8,720,919),('Je veux gagner',115,945,920),('Imagier toc-toc (l\')',205,724,921),('Je veux grandir',114,945,922),('Fille qui aimait les chevaux sauvages (la)',166,456,923),('Enfant qu\'on envoie se coucher (l\')',269,953,924),('Fillettes et Gros Alligator',79,115,925),('Imagine',116,73,926),('Fils de Victor qui pète (le)',228,862,927),('Mon escargot domestique',71,1005,928),('Enfant, le renne et le loup (l\')',279,351,929),('Fils du soleil',166,755,930),('Liu et l\'oiseau',237,706,931),('Impressionnisme entrée libre',216,990,932),('Mon île',75,312,933),('Enfantines',84,155,934),('Livre abominable (le)',272,181,935),('Mon jour de chance',84,595,936),('Incroyable histoire de Jemmy Button (l\')',66,1078,937),('Livre de la lézarde (le)',278,531,938),('Enfants de la lune et du soleil (les)',213,292,939),('Mon lion',27,961,940),('Insectes de mon jardin (les)',101,955,941),('Livre de Petit Ours (le)',84,151,942),('Mon livre pop-up. Le jardin',293,1126,943),('Engins (les)',115,608,944),('Livre des \"c\'est pas moi\" (le)',84,140,945),('Introduction à la littérature de jeunesse',79,825,946),('Mon miel ma douceur',79,888,947),('Enigmes',118,484,948),('Livre des djinns (le)',285,604,949),('Mon papa',84,151,950),('Inuk est amoureux',84,830,951),('Livre des géants ingénus (le)',130,513,952),('Mon papa et moi',195,775,953),('Ennemi (l\')',272,175,954),('Livre des j\'aime (le)',84,140,955),('Enquêtes de l\'inspecteur Ratichou (les)',32,581,956),('Fleur-de-cactus et Castor-Têtu',84,684,957),('Mon papa migrateur',272,986,958),('Fleuve (le)',84,900,959),('Envolée',269,995,960),('Livre des moi (le)',269,994,961),('Flic flac scratch boum',205,292,962),('Ephémère',181,728,963),('Mon papa pirate',272,175,964),('Flix',84,1079,965),('Ephémère (l\')',84,992,966),('Je veux ma photo dans le journal',205,781,967),('Flon-flon et Musette',84,385,968),('Inventions complètement inventées',116,164,969),('Flûte enchantée (la)',101,256,970),('Epinards (les)',84,900,971),('Je veux mon chapeau',207,616,972),('Flûte prodigieuse (la)',101,95,973),('Invitation (l\')',182,847,974),('Je veux qu\'on m\'aime',207,1056,975),('Iota la vache',29,761,976),('Folle journée de Nasreddin Hodja (la)',269,428,977),('Je veux un cocodrile !',16,784,978),('Iris des abysses',210,707,979),('Fontaine des gazelles (la)',253,1104,980),('Isidor Suzor',80,896,981),('Forban magnifique (le)',114,531,982),('Eric et le pipeau magique',40,64,983),('Forêt de Cœur-Bouliki (la)',8,457,984),('Je veux voir la mer',84,774,985),('Ernest et Célestine au cirque',54,1116,986),('Forêt des grands (la)',84,799,987),('Livre des petits pourquoi (le)',207,941,988),('Ernest et Célestine chez le photographe',84,1116,989),('Je veux voler',279,703,990),('Itak et la baleine',278,220,991),('Foufours a peur du noir',84,1023,992),('Ernest et Célestine ont perdu Siméon',84,1116,993),('Je vous aime',44,54,994),('Mon papa roulait les R',273,674,995),('Fourmi',267,346,996),('Livre des peut-être (le)',207,941,997),('Ita-Rose',66,191,998),('Je vous aime tant',269,994,999),('Mon pépé',116,211,1000),('Ernest, maître du monde',279,127,1001),('Je vous écris comme je vous aime',52,138,1002),('Livre des Si (le)',205,941,1003),('Jaffabules',123,256,1004),('Jean de la Lune',84,1079,1005),('Mon petit bestiaire littéraire',142,291,1006),('J\'ai adopté un crocodile',122,67,1007),('Jean Petit qui danse',79,779,1008),('Livre des terres imaginées (le)',279,367,1009),('J\'ai grandi ici',198,271,1010),('Mon petit papa fait des cauchemars',6,306,1011),('Livre du printemps (le)',153,87,1012),('Escales en littérature de jeunesse',60,578,1013),('Mon petit Picasso',260,990,1014),('J\'ai le droit d\'être un enfant',269,994,1015),('Livres en forme de pop-up et Cie',39,244,1016),('Mon petit rat',84,339,1017),('Escapade à la cour des Miracles',84,759,1018),('Jean Tardieu, un poète',114,1044,1019),('Livres, c\'est bon pour les bébés (les)',123,122,1020),('J\'ai mangé mon ami',157,756,1021),('Fourmi (la)',278,301,1022),('Escargot et l\'éléphant (l\')',279,834,1023),('Jean Toutou et Marie Pompon',84,864,1024),('J\'ai oublié ma poésie',269,994,1025),('Fourmi et le loup (la)',231,32,1026),('Jeanne et Jean',84,1015,1027),('Escargots sont des héros (les)',280,812,1028),('Fous d\'oliviers (les)',290,234,1029),('J\'ai pas dit partez',84,903,1030),('Jemeil et Jamla',117,807,1031),('Esquimau',267,346,1032),('Français est un poème qui voyage (le)',269,526,1033),('J\'en rêvais depuis longtemps',6,1041,1034),('J\'ai tué mon prof !',284,797,1035),('Françoise et le petit diable',182,847,1036),('Jérôme par cœur',6,986,1037),('Est-ce que tu m\'aimeras encore ?',210,664,1038),('Jeu de cette famille (le)',267,6,1039),('J\'aime la galette',79,134,1040),('Jeu de piste à Volubilis',272,360,1041),('Jeune fille muette (la)',186,1053,1042),('Et après…',79,339,1043),('Frédéric',84,696,1044),('J\'aime les livres',84,151,1045),('Jeune homme et l\'étoile (le)',173,506,1046),('Mon premier tour du monde, l\'atlas des 5-8 ans',205,1001,1047),('Et le loup mangea la princesse',84,609,1048),('Jo, le très vilain petit canard',84,1084,1049),('Lo - Fou',191,162,1050),('J\'aime, j\'aime pas',267,1051,1051),('Frères Moustaches (les)',267,269,1052),('Mon p\'tit vieux',162,541,1053),('Frigo vide',279,340,1054),('Et le matin…',198,271,1055),('Fruits',301,52,1056),('Et le petit dit',84,746,1057),('Joanie et l\'avion qui vole',189,760,1058),('Et le soir...',198,271,1059),('J\'observe le cirque',115,305,1060),('J\'observe les grottes',115,305,1061),('Et l\'homme rit !',12,877,1062),('Longtemps',54,234,1063),('Joé le lapin rêvé',84,339,1064),('Et l\'on chercha tortue',86,246,1065),('Mon pull',84,903,1066),('J\'aimerais te dire',74,425,1067),('Lou Pilouface. Panique dans le bayou',115,891,1068),('Mon pull panda',138,67,1069),('Jamais',213,729,1070),('Lou pour toujours',279,138,1071),('Jamais content',207,299,1072),('Mon tout petit',153,1162,1073),('Louba M\'ba',172,89,1074),('Jamais de la vie',279,138,1075),('Monde de Kitty Crowther (le)',84,192,1076),('Jardin de poèmes enfantins',65,1028,1077),('Loukoum à la pistache (le)',284,1155,1078),('John Brown, Rose et le chat de minuit',133,1125,1079),('Et moi dans tout ça ?',198,339,1080),('Monde n\'est jamais fini (le)',159,664,1081),('John Chatterton détective',84,897,1082),('Jardin des papillons (le)',182,1077,1083),('Loulou',84,1015,1084),('Jojo la mâche',267,346,1085),('Futékati : le concours de natation',124,822,1086),('Monde sans les enfants (le)',283,227,1087),('Galette à l\'escampette (la)',84,864,1088),('Loulou à l\'école des loups',84,1015,1089),('Galette et la grande ourse (la)',54,527,1090),('Monde selon moi (le)',207,1057,1091),('Loup',267,346,1092),('Gamine et son roi',272,1110,1093),('Monsieur Chat !',166,1135,1094),('Jojo, oiseau de nuit',66,520,1095),('Loup (le)',290,976,1096),('Garçon du phare (le)',272,360,1097),('Monsieur p\'tit sou',79,177,1098),('Garçon qui ne connaissait pas la peur (le)',84,1102,1099),('Loup d\'Albert (le)',84,809,1100),('Gardien de l\'arbre (le)',144,844,1101),('Monstre (le)',84,140,1102),('Joker',84,793,1103),('Loup du Louvre (le)',23,686,1104),('Gaston grognon',54,646,1105),('Monstre des toilettes (le)',23,861,1106),('Jolie petite princesse (la)',84,813,1107),('Loup est revenu (le)',84,864,1108),('Gâteau de lune',84,216,1109),('Monstre et le bébé (le)',79,440,1110),('Jolie Plume et le secret du vent',101,977,1111),('Loup et la colombe (le)',279,1,1112),('Gâteau perché tout là-haut (le)',291,1030,1113),('Monstre ne me mange pas',84,830,1114),('Jolis contes de Perrault',104,869,1115),('Loup et la petite fille (le)',269,564,1116),('Géant',193,541,1117),('Et Picasso peint Guernica',269,994,1118),('Joseph avait un petit manteau',166,1038,1119),('Géant de Zéralda (le)',84,1079,1120),('Jouer aux fantômes',272,689,1121),('Géant, es-tu là ?',84,474,1122),('Jouer avec les poètes',123,205,1123),('Jardin du dedans-dehors (le)',76,767,1124),('Gégé et les moutons',79,547,1125),('Jouets des champs',198,271,1126),('Joueur de luth enchanté (le)',116,332,1127),('Jour de pluie',27,999,1128),('Jour du mange-poussin (le)',84,900,1129),('Et pit et pat à quatre pattes',84,32,1130),('Jour et la nuit tout autour (le)',128,963,1131),('J\'arrive !',32,1070,1132),('Jour où j\'ai déménagé (le)',175,511,1133),('M\'hand le chacal',145,9,1134),('Et pourquoi ?',84,1096,1135),('Jour où la mer a disparu (le)',8,593,1136),('Miam les amis',123,581,1137),('Jour où le grand chêne est tombé (le)',290,293,1138),('Miam, drôle de recettes',214,377,1139),('Monstre poilu (le)',114,102,1140),('Journal de Boub (le)',125,138,1141),('Loup et le chevreau (le)',13,632,1142),('Journal d\'un chat assassin',84,409,1143),('Jours, les mois et les saisons (les)',198,435,1144),('Monstres malades',290,546,1145),('Jujube',84,1139,1146),('Loup et les sept chevreaux (le)',207,222,1147),('Et si jamais…?',84,151,1148),('Montres molles (les)',84,900,1149),('Micelle, le ver de terre allergique',112,695,1150),('Et toi, où habites-tu ?',153,1026,1151),('Loup gris',205,935,1152),('Jules, le chevalier agaçant',84,864,1153),('Jason et la Toison d\'or',205,849,1154),('Michel, le mouton qui n\'avait pas de chance',290,1108,1155),('Jungle',115,989,1156),('Et voilà le travail',48,244,1157),('Migrants',153,1127,1158),('Jungle Blues',9,100,1159),('Mille ans de contes (Classique)',205,244,1160),('Jupes s\'étourdissent (les)',280,653,1161),('Mille ans de contes (Mer)',205,244,1162),('Jusqu\'en haut',198,1100,1163),('Mille ans de frissons',207,244,1164),('Kalila et Dimna',9,552,1165),('Mille milliards de pirates',205,781,1166),('Kangourou d\'Ooz (le)',216,270,1167),('Mille secrets de poussins',84,900,1168),('Monture du roi-grenouille (la)',145,39,1169),('Jaune',241,904,1170),('Kibwé',278,301,1171),('Loup gris et la mouche',79,109,1172),('Java martienne (la)',23,1107,1173),('Milléclat dorée (la)',158,411,1174),('Morphologie du conte',278,909,1175),('Je cherche un livre pour un enfant',115,1090,1176),('Kidnapping au village des crottes de nez',181,794,1177),('Eté de Garmann (l\')',9,542,1178),('Mille-pattes (le)',267,464,1179),('Kipper',124,554,1180),('Je cherche un livre pour un enfant (8-16 ans)',115,327,1181),('Mimi commande',181,823,1182),('Etoile d\'Erika (l\')',205,1091,1183),('Kirikou et la hyène noire',205,835,1184),('Je ferai des miracles',74,793,1185),('Mineur et le boulanger (le)',294,330,1186),('Je l\'attends, je l\'attends',269,859,1187),('Kirikou et la sorcière',205,835,1188),('Mini encyclopédie des contraires',153,53,1189),('Je mangerais bien un enfant',84,338,1190),('Kirikou et le buffle aux cornes d\'or',205,835,1191),('Evasion de Kamo (l\')',114,863,1192),('Mini encyclopédie des émotions',153,53,1193),('Je m\'habille et je me couche',84,493,1194),('Kouaba, le village en sursis',270,644,1195),('Mini-contes pour enfants pointus',238,585,1196),('Eventail diabolique (l\')',284,115,1197),('Koulkoul et Molokoloch',84,117,1198),('Je m\'habille et… je te croque',84,493,1199),('Mini-guide pour mini-lecteurs',1,29,1200),('Loup noir',54,500,1201),('Exactement le contraire',84,539,1202),('Là-bas',258,80,1203),('Mot mot (le)',19,675,1204),('Je ne dors jamais',290,501,1205),('Minuscules (les)',115,285,1206),('Loup qui voulait être un mouton (le)',84,917,1207),('Exercices de style',114,912,1208),('Laisse rouge (la)',40,976,1209),('Mot, je te vois',280,529,1210),('Je ne m\'appelle pas Bernard !',23,178,1211),('Minute papillon',267,340,1212),('Loup sentimental (le)',84,864,1213),('Extraordinaire voyage du chat de Mossoul (l\')',114,415,1214),('Laissez-moi tranquille...',216,90,1215),('Je ne peux pas m\'habiller',40,24,1216),('Miroir de l\'eau (le)',84,671,1217),('Lancelot du Lac',124,173,1218),('Je ne suis pas comme les autres',198,239,1219),('Miss Carabis Carabosse soldat',79,779,1220),('Fables',84,698,1221),('Langage des contes (le)',267,385,1222),('Miss Cocotte',75,888,1223),('Lapin loucheur (le)',84,131,1224),('Missak, l\'enfant de l\'Affiche rouge',269,284,1225),('Lapin mon lapin',198,339,1226),('Mister Black',181,850,1227),('Lapin, la nuit et la boîte à biscuits (le)',101,833,1228),('Misto tiempo',267,346,1229),('Oh non, George !',290,514,1230),('Lapins savent compter (les)',278,520,1231),('Marchand de sable n\'a plus de sable (le)',213,292,1232),('Mitsu, unjour parfait',198,958,1233),('Lariette et Catimini',84,385,1234),('Oiseau bleu (l\')',269,196,1235),('Motamots',290,138,1236),('Mô et le Maître du temps',237,990,1237),('Marche le monde',70,419,1238),('Loup vert (le)',31,463,1239),('Mots des mois (les)',81,129,1240),('Oiseau de feu (l\')',16,1031,1241),('Loup y es-tu ?',79,779,1242),('Marche ou rêve',58,454,1243),('Loup, la chèvre et les sept chevreaux (le)',84,864,1244),('Mots en bouche, mots sur la touche',109,244,1245),('Oiseau de Mona (l\')',269,894,1246),('Loup, loup, y es-tu ?',84,917,1247),('Mare aux aveux (la)',79,290,1248),('Mots ont des visages (les)',28,491,1249),('Oiseau de nulle part (l\')',165,429,1250),('Loupé !',267,1122,1251),('Larmes (les)',32,304,1252),('Mots peints (les)',84,667,1253),('Oiseau de pluie (l\')',101,84,1254),('Moi devant',101,157,1255),('Luchien',267,346,1256),('Oiseau et la pièce d\'or (l\')',79,1115,1257),('Larmes de crocodile (les)',115,421,1258),('Mots perdus, mots retrouvés',5,191,1259),('Oiseau-livre (l\')',54,138,1260),('Moi Dieu Merci qui vis ici',9,679,1261),('Lucy',198,346,1262),('Mari de la mante religieuse a disparu (le)',271,301,1263),('Mouche qui lit (la)',269,1004,1264),('Lumières d\'enfance',201,879,1265),('Mariage de Pucette (le)',284,59,1266),('Mouche qui pète (la)',84,391,1267),('Laurent tout seul',84,1102,1268),('Mariama',284,329,1269),('Lundi',54,527,1270),('Moi et Mon Chat',115,614,1271),('Marie Desplechin',84,218,1272),('Moufle (la)',144,1113,1273),('Lundja. Contes du Maghreb',145,959,1274),('Marie-Aude Murail',84,218,1275),('Moufle (la)',79,318,1276),('Mario Ramos',84,192,1277),('Lune et l\'autre',267,680,1278),('Moun',84,919,1279),('Oiseaux (les)',153,1162,1280),('Légende des gâteaux du Têt (la)',145,820,1281),('Lune n\'est lune que pour le chat',43,605,1282),('Oiseaux (les)',181,950,1283),('Mouton farceur (le)',205,1016,1284),('Moi et rien',84,277,1285),('Oiseaux ont des ailes, les enfants... (les)',269,994,1286),('Luthier de Venise (le)',84,234,1287),('Oizochat (l\')',195,267,1288),('Mowgli',205,612,1289),('Okilélé',84,900,1290),('Légende du cerf volant (la)',84,216,1291),('M comme Matisse',259,990,1292),('Marlaguette',101,247,1293),('M\'Toto',84,1139,1294),('Marmite pleine d\'or (la)',79,656,1295),('Ma balle perdue',27,976,1296),('Mu\'allaga, un poème suspendu',170,460,1297),('Martin et Rosa, ensemble pour l\'égalité',269,424,1298),('Ma culotte',84,764,1299),('Masque (le)',79,995,1300),('Ma grand mère est une catastrophe',189,490,1301),('Ma grand-mère',150,1051,1302),('Masque (le)',84,1015,1303),('Ma grand-mère en container',290,986,1304),('Olive et Léandre',181,269,1305),('Ma grand-mère est tête en l\'air',117,806,1306),('Moi et toi',153,640,1307),('Masque de brumes (le)',205,234,1308),('Légende du Chien Noir (la)',190,882,1309),('Ma grand-mère m\'a mordu',84,38,1310),('Masque de la Montagne blanche (le)',64,941,1311),('Moi Félix, 10 ans, sans papiers',205,179,1312),('Légendes de la mythologie',161,219,1313),('Olivia',279,394,1314),('Moi j\'adore, Maman aussi',279,138,1315),('Ma jungle',116,500,1316),('Ollie',84,366,1317),('Légendes des lacs et rivières',123,228,1318),('Ma Lou adorée',279,138,1319),('Omelette au sucre (l\')',110,31,1320),('Moi je déteste, maman adore!',278,138,1321),('Ma maison bleue',269,994,1322),('Omotou, guerrier masaï',144,888,1323),('Léger comme un flocon',269,244,1324),('Ma mère',290,995,1325),('On a volé le Nkoro-Nkoro',284,583,1326),('Ma mère est maire',288,535,1327),('Moi le loup et les chocos',290,871,1328),('Matelas magique (le)',84,1102,1329),('Ma nouvelle boîte à histoires',75,793,1330),('Mathieu',84,1015,1331),('Musiciens de Brême (les)',101,481,1332),('Musiciens de Brême (les)',279,480,1333),('Maths à la petite semaine',267,260,1334),('Musiciens de la Nouvelle-Brême (les)',79,311,1335),('Matilda',114,285,1336),('Musiciens de la ville de Brême (les)',210,481,1337),('Ma pelle',84,111,1338),('Matisse',259,452,1339),('Mystère',84,148,1340),('On a volé mon vélo',284,1003,1341),('Ma petite chambre',75,1143,1342),('Maudit troll !',84,483,1343),('Mystère au palais',208,941,1344),('Mystère de la grande dune (le)',272,360,1345),('On déménage !',190,144,1346),('Ma sœur et moi',153,948,1347),('Maudite soit la guerre',269,284,1348),('Mystère de Lala Zoba',72,611,1349),('Leo',84,627,1350),('On dit',249,988,1351),('Ma Sœur-Etoile',279,713,1352),('Moi pas, moi aussi',84,917,1353),('Mauvais jars (Le)',114,8,1354),('Mystérieux délits',84,901,1355),('Léo Corbeau et Gaspard Renard',84,668,1356),('On lit trop dans ce pays',269,879,1357),('Ma tata Thérèse',272,824,1358),('Moi, Albert, détestateur de livres',111,200,1359),('Mauvais perdants (les)',267,346,1360),('Nacéo',182,889,1361),('On me cache quelque chose',11,410,1362),('Ma voisine est amoureuse',290,678,1363),('Nadine, enfant de Suisse',289,244,1364),('Max et les maximonstres',84,991,1365),('Léo et…',153,350,1366),('Machin (le)',79,995,1367),('Moi, j\'adore la pluie !',269,44,1368),('On ne lit pas tout seul',96,924,1369),('Naître au monde et à la culture',96,77,1370),('Léopold, chien de divan',272,175,1371),('Max et les poissons',216,4,1372),('Machin chouette',84,261,1373),('Moi, j\'ai peur du loup',198,1100,1374),('On ne peut pas',84,32,1375),('Nasr Eddin Hodja, un drôle d\'idiot',213,748,1376),('Lettres à mon cher petit frère qui n\'est pas encore né',119,602,1377),('Maximagier',279,661,1378),('Moi, j\'attendais la pluie',248,1106,1379),('Machin Truc Chouette',269,76,1380),('On n\'est pas si différents',160,178,1381),('Lettres d\'amour de 0 à 10',84,793,1382),('Mayra, enfant de Bolivie',289,244,1383),('Moi, j\'attends',272,175,1384),('Leurs mains',63,82,1385),('On peut se tromper',269,831,1386),('Méchant Méchant',71,251,1387),('Moi, je boude',116,1057,1388),('Nasreddine',101,1133,1389),('Libellule',24,573,1390),('On se cache ?',216,314,1391),('Moi, je n\'ai peur de rien',232,951,1392),('Madame Cerise et le trésor des pies',269,894,1393),('Méchants, des personnages… (les)',49,244,1394),('Liberté Nounours',99,153,1395),('Madame Hortense',33,570,1396),('On se retrouvera',286,163,1397),('Moi, je ne veux plus de bisous !',195,780,1398),('Madame la poule',290,112,1399),('Meilleur livre... (le)',290,929,1400),('Nasreddine Hodja',17,107,1401),('Oncle éléphant',84,698,1402),('Madame le lapin blanc',279,40,1403),('Meilleures histoires de rois et de princesses',101,244,1404),('Naviguer dans les marges',280,497,1405),('Mademoiselle Sauve qui peut',84,261,1406),('Onomatopée (l\')',269,212,1407),('Navratil',267,346,1408),('Mékeskispasse ?',279,757,1409),('Mademoiselle Zazie veut un bébé',216,679,1410),('Opération farceuses',115,347,1411),('Ne laissez pas le pigeon conduire le bus !',84,1136,1412),('Maélo',165,829,1413),('Mélange-moi',128,1128,1414),('Ne m\'appelez plus jamais \"mon petit lapin\"',84,1015,1415),('Orchestre recyclé (l\')',9,888,1416),('Magasin de mon père (le)',84,553,1417),('Neige',84,1015,1418),('Méli-Mélo',10,49,1419),('Magasin zinzin',8,235,1420),('Oreiller aux oiseaux (l\')',167,760,1421),('Méli-mélo',207,874,1422),('Neige, le blanc et les couleurs',198,1100,1423),('Oscar fait un vœu',262,890,1424),('Magicien des couleurs (le)',84,698,1425),('Méli-mélo à la ferme',207,874,1426),('Main de la sorcière (la)',84,1081,1427),('Oskar le coq',290,24,1428),('Méli-mélo de mots',279,1147,1429),('Mains de Papa (les)',84,562,1430),('Otto',84,1079,1431),('Nénègle sur la montagne',84,202,1432),('Mélodie des tuyaux (la)',279,957,1433),('Ottoki',181,728,1434),('Mémé de ma Mémé (la)',144,181,1435),('Où est le loup ?',84,916,1436),('Licorne (la)',84,134,1437),('Moi, ma grand-mère…',115,859,1438),('Lieux de passage, lieux de rêve',1,521,1439),('Moi, Papa ours ?',205,389,1440),('Lila et…',153,350,1441),('Moindres petites choses (les)',54,527,1442),('Lilas',25,596,1443),('Moinillon et la Yama Ouba (le)',211,399,1444),('Lilas',84,897,1445),('Moitié de fève (la)',145,762,1446),('Lili Plume',9,417,1447),('Moka',84,218,1448),('Lion et la souris (le)',166,884,1449),('Môme aux oiseaux (la)',267,765,1450),('Lion qui avait mauvaise haleine (le)',279,59,1451),('Momo',84,813,1452),('Lions ne mangent pas de croquettes (les)',279,127,1453),('Maintenant que tu sais',198,271,1454),('Neuf couleurs de la peur',143,6,1455),('Mais il est où ce Gros Matou ?',79,311,1456),('Neuf reines (les)',175,511,1457),('Mais je suis un ours !',84,1045,1458),('Neuvième métro (le)',84,805,1459),('Mais que lisent-ils ?',104,787,1460),('New York en pyjamarama',267,665,1461),('Mais qui a craché sur la maison du hérisson ?',271,301,1462),('Ni poupées ni super-héros !',160,72,1463),('Maison (la)',269,790,1464),('Nian le terrible',279,837,1465),('Maison dans la nuit (la)',166,1035,1466),('Nima et l\'ogresse',84,94,1467),('Maison dans les bois (la)',84,789,1468),('Nimbo',198,346,1469),('Mo-Mo',213,380,1470),('Maison de Couci-couça (la)',267,385,1471),('Lire avec les tout-petits',96,244,1472),('Nioui et Ninon',267,6,1473),('Mon ami',250,292,1474),('Noël',293,1129,1475),('Lire Claude Ponti encore et encore',99,217,1476),('Noël pour tous !',226,500,1477),('Mon ami invisible',177,985,1478),('Maison de Lalla Chama',197,1040,1479),('Lire des livres à des bébés',96,921,1480),('Noir (le)',205,1011,1481),('Mon amour',27,12,1482),('Lire et choisir ses albums',79,132,1483),('Maison de Madame M. (la)',278,872,1484),('Mon arbre',79,475,1485),('Noir sur blanc',84,539,1486),('Lire l\'album',249,1090,1487),('Maison des bisous (la)',54,104,1488),('Mon arbre à secrets',182,587,1489),('Maison du poète (la)',238,585,1490),('Maisons des animaux (les)',182,1077,1491),('Lire, est-ce bien sérieux ?',38,244,1492),('Noire comme le café, blanc comme la lune',84,725,1493),('Mon beau soleil',9,417,1494),('Maître de tout (le)',267,776,1495),('Liste des fournitures (la)',84,793,1496),('Non',269,954,1497),('Mon bébé croco',9,340,1498),('Maître des brumes',84,1079,1499),('Litli',224,664,1500),('Non (le)',84,900,1501),('Mon bel oranger',110,1098,1502),('Mal élevés',279,651,1503),('Littérature de jeunesse a-t-elle bon goût ? (La)',96,244,1504),('Mon bison',198,1142,1505),('Non, j\'irai pas !',111,941,1506),('Littérature de jeunesse, itinéraires... (la)',192,390,1507),('Non, non et non',84,15,1508),('Mon chagrin',198,339,1509),('Norig et l\'or de l\'île',271,941,1510),('Nos beaux doudous',79,995,1511),('Malala',269,424,1512),('Mama miti, la mère des arbres',174,827,1513),('Maman',270,644,1514),('Maman de la maman de mon papa (la)',181,340,1515),('N\'oublie pas de te laver les dents !',84,261,1516),('Maman Ours',9,532,1517),('Nour, le moment venu',198,958,1518),('Prince bégayant (le)',115,891,1519),('Maman Quichon se fâche',84,1102,1520),('Petit Cépou (le)',211,740,1521),('Nous avons rendez-vous',278,345,1522),('Prince de naissance, attentif de nature',290,79,1523),('Maman Robot',272,1158,1524),('Petit chacal et le crocodile (le)',216,252,1525),('Nous avons rendez-vous',279,345,1526),('Prince Grenouille (le)',218,481,1527),('Maman, c\'est toi ?',84,391,1528),('Petit chaperon chinois (le)',237,990,1529),('Nous les hommes !',267,1122,1530),('Prince tigre (le)',84,215,1531),('Maman-dlo',8,457,1532),('Princesse au petit pois (la)',218,23,1533),('Nous, ce qu\'on préfère…',79,339,1534),('Petit chaperon rouge (le)',205,869,1535),('Nouveau de la classe (le)',6,374,1536),('Princesse au petit pois (la)',291,23,1537),('Mamie m\'a dit que son amie Yvette…',263,661,1538),('Petit Chaperon rouge a des soucis (le)',9,786,1539),('Nouvelles à chute',192,244,1540),('Princesse caca',181,823,1541),('Mamie Marie',267,563,1542),('Petit cheval (le)',101,418,1543),('Princesse charmante',267,280,1544),('Nouvelles histoires minute',205,425,1545),('Petit Chien',279,148,1546),('Mamie voyage',250,749,1547),('Princesse des Ménines (la)',279,633,1548),('Nouvelles re-vertes',290,244,1549),('Petit curieux (le)',205,724,1550),('Mamouchka et le coussin aux nuages',115,888,1551),('Princesse Grenouille (la)',84,917,1552),('Nsoko l\'orphelin',84,523,1553),('Petit déjeuner de la famille souris (le)',84,560,1554),('Nuage (le)',84,900,1555),('Princesse, le dragon et le chevalier intrépide (la)',84,864,1556),('Nuage bleu (le)',84,1079,1557),('Petit Dino veut tout faire tout seul',205,236,1558),('Nuit (la)',5,121,1559),('Princesses oubliées ou inconnues',116,669,1560),('Mam\'zelle',84,130,1561),('Petit éléphant a un ami',84,32,1562),('Nuit de Berk (la)',84,99,1563),('Problème quand on est un renard (le)',84,1022,1564),('Mandarine cherche son papa',9,187,1565),('Petit fiston',267,385,1566),('Nuit de la dernière lune (la)',304,26,1567),('Promenade au bord de l\'eau',173,148,1568),('Mandela, l\'Africain multicolore',269,994,1569),('Petit frère (le)',84,900,1570),('Nuit du Mélinos (la)',101,76,1571),('Promenade de Petit Bonhomme (la)',182,403,1572),('Manège de Petit Pierre (le)',8,888,1573),('Petit frère, petite sœur, mode d\'emploi',111,391,1574),('Nuit du visiteur (la)',37,561,1575),('Promenade des canards (la)',198,435,1576),('Manège de Petit Pierre (le)',9,888,1577),('Petit garçon qui avait envie d\'espace (le)',114,449,1578),('Nuit tous les chats sont verts (la)',227,860,1579),('Promenade en forêt (Yok-Yok)',115,307,1580),('Mange, mon ange !',9,982,1581),('Petit grand Boubo',153,12,1582),('Nuit, on dort (la)',84,32,1583),('Promesse de l\'ogre (la)',231,919,1584),('Mangetout et Maigrelet',84,131,1585),('Petit Guili (le)',231,917,1586),('Nuno le petit roi',84,917,1587),('Promesses',84,816,1588),('Manteau rouge (le)',116,669,1589),('Petit Hippopotamtam',9,883,1590),('Occupé',84,747,1591),('Prout de pompier',272,181,1592),('Marcel et Hugo',84,151,1593),('Petit homme qui monte, qui monte...(le)',205,541,1594),('Oceano',128,118,1595),('Provision de bisous de Zou (la)',84,439,1596),('Ocre',114,71,1597),('Petit lapin de Noël (le)',84,668,1598),('Ode à un oignon',53,966,1599),('Psychanalyse des contes de fées',264,98,1600),('Odile ?',278,345,1601),('Œdipe l\'enfant trouvé',84,897,1602),('Œil pour œil',23,101,1603),('Ogre (l\')',269,926,1604),('Ogre Babborco (l\')',79,115,1605),('Ogre et la chèvre (l\')',301,413,1606),('Ogre gentleman (l\')',284,440,1607),('Petit Léonard de Vinci (le)',136,375,1608),('Ogre gentleman (l\')',284,440,1609),('Petit Marcel Proust (le)',54,910,1610),('Ogre qui avait peur des enfants (l\')',31,310,1611),('P\'tit Biscuit',79,547,1612),('Ogre, le loup, la petite fille et le gâteau (l\')',84,261,1613),('Petit musée',84,660,1614),('Ogre, le loup, la petite fille et le gâteau (l\')',84,261,1615),('P\'tit bonhomme des bois (le)',79,311,1616),('Ogresse en pleurs (l\')',205,296,1617),('Petit musée du bleu (le)',269,830,1618),('Ogresse et les sept chevreaux (l\')',79,440,1619),('P\'tit bossu qui en avait plein l\'dos (le)',79,105,1620),('Ogrionne (l\')',84,261,1621),('Petit Napperon rouge (le)',211,549,1622),('Oh !',248,995,1623),('P\'tit Quinquin (le)',79,779,1624),('Oh !',259,459,1625),('Petit nuage',54,888,1626),('Oh ! La belle lune !',95,64,1627),('P\'tites bêtes (les)',205,97,1628),('Marcel et le nuage',84,151,1629),('Petit Om',280,591,1630),('Marcel la mauviette',84,151,1631),('P\'tits mecs (les)',279,839,1632),('Marcel le champion',84,151,1633),('Petit ou grand ?',32,1070,1634),('Marcel le magicien',84,151,1635),('Purée de cochons',79,995,1636),('Petit ouistiti',79,134,1637),('Marcel le rêveur',84,151,1638),('Quand je ne savais pas écrire',84,1076,1639),('Marchand de bisous (le)',167,760,1640),('Petit pêcheur et le squelette (le)',84,216,1641),('Oh ! La vache',290,703,1642),('Quand je serai grand',128,303,1643),('Marchand de fessées (le)',118,484,1644),('Petit point',220,717,1645),('Quand je serai grand, je serai le Père Noël',84,1015,1646),('Quand je serai grand…',202,473,1647),('Petit poisson blanc',202,1092,1648),('Quand j\'étais petit',84,917,1649),('Petit poisson blanc devient grand',202,1092,1650),('Quand le monde était jeune',153,984,1651),('Petit poisson de rien du tout',8,369,1652),('Quand les grands se fâchent',198,339,1653),('Petit Poucet (le)',205,395,1654),('Quand les livres relient',96,244,1655),('Petit Poucet (le)',101,869,1656),('Quand les poètes s\'amusent',9,720,1657),('Petit prince (le)',1,964,1658),('Quand les poules auront des dents',279,127,1659),('Petit Questionneur (le)',84,1105,1660),('Quand Maman avait mon âge',27,126,1661),('Petit roi des fleurs (le)',210,847,1662),('Quand nous aurons mangé la planète',269,994,1663),('Petit sanglier apprivoisé',127,888,1664),('Quand Papa avait mon âge',27,126,1665),('Petit singe (le)',194,787,1666),('Quand tu es content...',116,170,1667),('Petit soleil',207,772,1668),('Qu\'apporte la littérature de jeunesse aux enfants ?',96,78,1669),('Petit sorcier de la pluie (le)',84,830,1670),('Quatre coqs coquets',9,720,1671),('Petit souci (le)',54,527,1672),('Quatre histoires du Petit Chaperon rouge',284,791,1673),('Petit tigre (le)',195,787,1674),('Quatre loups (les)',211,438,1675),('Petit trou dans une pomme (le)',216,244,1676),('Quatre petits coins de rien du tout',40,956,1677),('Petit voleur (le)',207,724,1678),('Quatrième fille du Dr Klein (la)',216,138,1679),('Pingouin glacé',153,615,1680),('Petit voleur (le)',207,724,1681),('Que fais-tu Fantine ?',279,546,1682),('Rimbaud : Choix de poèmes',115,931,1683),('Petit-Bleu et Petit-Jaune',84,696,1684),('Pingouin qui avait froid (le)',205,450,1685),('Que fait la lune la nuit',54,527,1686),('Riquet à la loupe',144,599,1687),('Petite anthologie de la science-fiction',274,1140,1688),('Pique nique de la famille Souris (le)',84,560,1689),('Que faites-vous avec ça ?',166,575,1690),('Rire des baleines (le)',267,260,1691),('Petite anthologie du policier',274,16,1692),('Pique nique des ours (le)',84,146,1693),('Que faites-vous, cher ami ?',84,584,1694),('Rire en poésie (Le)',114,244,1695),('Petite Baleine',84,1130,1696),('Pique, Gratte et Grogne',84,41,1697),('Que vois-tu ?',84,539,1698),('Robe rouge de Nonna (la)',9,888,1699),('Petite Beauté',84,151,1700),('Pirate de cœur (le)',8,866,1701),('Quel bazar !',267,1122,1702),('Robert Desnos, un poète',114,317,1703),('Petite bête qui monte (la)',269,209,1704),('Pirates des sept mers',216,62,1705),('Quel cafouillage !',84,937,1706),('Robots n\'aiment pas l\'eau (les)',182,1077,1707),('Petite casserole d\'Anatole (l\')',40,184,1708),('Pirates en vue !',216,886,1709),('Quel radis, dis donc !',79,440,1710),('Rock star',278,301,1711),('Petite enfance et cultures en mouvement',96,78,1712),('Pire anniversaire de ma vie (le)',128,207,1713),('Quelle est ma couleur ?',154,500,1714),('Rodéo à Ascou',192,68,1715),('Petite fille du livre (la)',84,813,1716),('Pire livre pour apprendre le dessin (le)',279,703,1717),('Quelle fête !',294,716,1718),('Roi Cheval (le)',209,147,1719),('Petite fille du port de Chine (la)',101,95,1720),('Pire livre pour apprendre le pot (le)',279,703,1721),('Quelle heure est-il, madame Persil ?',79,675,1722),('Roi de la Grande Savane (le)',66,1123,1723),('Petite fille et le loup',79,489,1724),('Pirouette, cacahouette',79,779,1725),('Quelle panique!',205,787,1726),('Roi des sables (le)',279,301,1727),('Petite fille et le loup',79,488,1728),('Piscine (la)',84,903,1729),('Quelles couleurs !',290,678,1730),('Roi des trois Orients (Le)',269,891,1731),('Petite Fourmi',79,134,1732),('Quelque chose de plus terrible encore',91,975,1733),('Petite Frida',84,151,1734),('Questions de Célestine (les)',54,430,1735),('Petite grenouille qui avait mal... (la)',66,1123,1736),('Qui a croqué mon goûter ?',279,1050,1737),('Petite grenouille qui avait mal... (la)',66,1123,1738),('Qui a fouillé chez les Wisigoths ?',284,37,1739),('Petite lune',267,385,1740),('Qui a mangé ?',198,271,1741),('Petite main, petit pouce',279,874,1742),('Qui a mangé la petite bête ?',14,325,1743),('Petite maison de bois (la)',115,262,1744),('Qui a piqué les contrôles de Français ?',54,581,1745),('Petite mare du grand crocodile (la)',189,167,1746),('Qui a tué Minou-Bonbon ?',285,867,1747),('Petite mauvaise humeur (la)',40,184,1748),('Qui a volé ma fusée ?',279,1050,1749),('Petite musique du Jour',239,585,1750),('Qui a vu Mister Cat ?',34,467,1751),('Petite poule qui voulait voir la mer (la)',244,580,1752),('Qui de l\'œuf, qui du poussin ?',79,115,1753),('Petite poule qui voulait voir la mer (la)',246,580,1754),('Qui est-ce qui ?',54,818,1755),('Petite poule rousse (la)',84,60,1756),('Qui es-tu, que fais-tu ?',198,142,1757),('Petite poule rousse (la)',23,464,1758),('Qui lit petit lit toute la vie',8,191,1759),('Petite poule rousse (la)',278,220,1760),('Qui ou quoi ?',205,874,1761),('Petite poule rousse (la)',79,311,1762),('Petite poule rousse (la)',198,252,1763),('Qui peut manger tout ça ?',290,597,1764),('Qui quoi quoi qui',6,1041,1765),('Petite Poule Rousse et Ruse Renard Roux (la)',79,311,1766),('Qui se cache là-dessous ?',210,1152,1767),('Petite princesse nulle (la)',84,813,1768),('Même les princesses doivent aller à l\'école',84,793,1769),('Qui se cache sous les fleurs ?',210,1152,1770),('Petite Sirène (la)',101,23,1771),('Qui suis-je ?',205,425,1772),('Petite sœur',84,801,1773),('Où est ma chaussure ?',84,1079,1774),('Qui veut le cœur d\'Artie Show ?',216,1065,1775),('Même les princesses pètent',226,141,1776),('Petite souris, la fraise... (la)',202,1145,1777),('Où est Papa ?',115,108,1778),('Même pas peur !',31,625,1779),('Qui voilà ?',269,872,1780),('Où est Petit Tigre ?',284,923,1781),('Petite tache',182,659,1782),('Même pas peur de la Sorcière',244,581,1783),('Qui, que, quand, quoi la poésie',205,720,1784),('Où est qui ?',198,203,1785),('Petite taupe qui n\'osait pas sortir (la)',216,157,1786),('Qu\'y a-t-il dedans ?',269,129,1787),('Même pas peur du loup',244,581,1788),('Petite truie, le vélo et la lune (la)',177,352,1789),('Où est Spot, mon petit chien ?',216,534,1790),('Même pas peur du noir',244,581,1791),('Rafara, un conte populaire africain',84,244,1792),('Où habite Mimi ?',9,268,1793),('Petites affaires de Marie-Louise (les)',280,1117,1794),('Même pas peur, César !',255,697,1795),('Ranelot et Bufolet',84,698,1796),('Où je l\'ai mis ?',84,202,1797),('Petites comptines à mimer',216,244,1798),('Pistolet d\'Odilon (le)',207,581,1799),('Memo 657',202,933,1800),('Raoul la Terreur',23,178,1801),('Où li bou ni che ?',267,259,1802),('Roi du silence (le)',267,6,1803),('Petites comptines des animaux',227,10,1804),('Pitchou',269,976,1805),('Menu, menu',114,947,1806),('Raoul Taffin chasseur de mammouth',205,781,1807),('Roi est occupé (le)',84,917,1808),('Où qu\'on va après ?',165,368,1809),('Planète bizarre',290,1123,1810),('Mer bleue',84,589,1811),('Roi, la poule et la terrible Mademoiselle Chardon (le)',84,1084,1812),('Où qu\'on va après ?',165,368,1813),('Plein soleil',116,500,1814),('Mer et lui (la)',266,678,1815),('Roi-grenouille ou Henri-le-Ferré (le)',166,481,1816),('Pleine lune',116,500,1817),('Où va l\'eau ?',84,32,1818),('Roméo et Juliette',101,258,1819),('Merci',272,689,1820),('Pleine mer',116,500,1821),('Où vont les heures de la nuit',79,6,1822),('Roméo et Juliette',84,917,1823),('Pleine nuit',101,524,1824),('Merci Papa !',279,138,1825),('Rond rouge',5,435,1826),('Oubliés de l\'étagère (les)',272,689,1827),('Plic ploc banquise',198,435,1828),('Rondeaux',114,947,1829),('Merci, le vent',205,724,1830),('Plouf !',84,261,1831),('Ouf !',205,941,1832),('Ronds ronds',248,566,1833),('Petites émotions (les)',11,788,1834),('Plume',71,1005,1835),('Mercredi',198,91,1836),('Rap des rats (le)',213,96,1837),('Ouin-ouin chagrin',181,823,1838),('Petites histoires pour les enfants qui…',272,830,1839),('Merveilleux voyage de Nils Holgerson (le)',56,643,1840),('Raphaël, un enfant de France',289,244,1841),('Rose bonbon',6,1072,1842),('Oukélé la télé',115,793,1843),('Petites malices de Nasreddine (les)',8,290,1844),('Plus affreuse des sorcières (la)',257,537,1845),('Mes 10 premiers tableaux',216,990,1846),('Rat célibataire (le)',284,726,1847),('Rose cochon',1,960,1848),('Oulala !',248,566,1849),('Plus beau des cadeaux (le)',182,659,1850),('Rosie Pink',272,689,1851),('Mes animaux',291,313,1852),('Plus beau des trésors (le)',101,453,1853),('Oulàlà, c\'est haut !',84,32,1854),('Rouge !',213,144,1855),('Mes premières charades',8,720,1856),('Plus beaux contes de conteurs (les)',285,244,1857),('Rouge da ns la ville',84,1121,1858),('Ouragan (l\')',84,130,1859),('Plus beaux contes de Toboggan (les)',207,244,1860),('Mes souliers rouges',214,85,1861),('Rouge jaune noire blanche',84,771,1862),('Ours blanc a perdu sa culotte',9,1071,1863),('Plus belle crotte du monde (la)',190,858,1864),('Rouge Matou',207,64,1865),('Petit-gris',84,385,1866),('Métamorfoses',12,954,1867),('Plus belle maman du monde (la)',84,51,1868),('Rat célibataire (le)',211,834,1869),('Ours brun, dis-moi...',202,736,1870),('Rouge-Gorge',79,311,1871),('Petit-Ours en visite',84,543,1872),('Métamorphoses (les)',84,846,1873),('Plus grand détective du monde (le)',205,778,1874),('Ratoncita que buscaba un marido (la)',79,1109,1875),('Ours brun, ours brun, dis-moi ce que tu vois ?',202,736,1876),('Petits bleus au cœur (les)',279,138,1877),('Raymond Queneau',114,912,1878),('Métier de Papa (le)',267,260,1879),('Petits chaperons loups',99,153,1880),('Ours et la lune (l\')',144,14,1881),('Rouges et les noirs (les)',101,76,1882),('Plus gros cadeau du monde (le)',84,782,1883),('Roulé le loup !',79,440,1884),('Poches pleines de mots (les)',280,83,1885),('Meunier tu dors',79,686,1886),('Roule ma poule',290,138,1887),('Ours et le chat sauvage (l\')',84,1153,1888),('Podlapin',290,565,1889),('Roule ma poule',205,724,1890),('Poèmes',32,317,1891),('Ours qui lit',79,887,1892),('Roulis, rouleaux',195,902,1893),('Ours qui n\'était pas là (l\')',153,654,1894),('Poèmes',31,912,1895),('Ours vagabond (l\')',101,234,1896),('Route 66',271,728,1897),('Ourse (l\')',79,20,1898),('Poèmes',32,953,1899),('Ourson et la ville',84,151,1900),('Royaume de minuit (le)',272,360,1901),('Ouste !',84,483,1902),('Poèmes à poils et à plumes',238,888,1903),('Ouvre ce petit livre',84,617,1904),('Ruban (le)',9,855,1905),('Poèmes à rire et à jouer',278,138,1906),('Ruby tête haute',88,242,1907),('Poèmes ont des oreilles (les)',269,526,1908),('Rue qui ne se traverse pas (la)',219,765,1909),('Poèmes pour affronter le beau temps',170,1014,1910),('Rufus',84,1079,1911),('Poèmes pour grandir',63,1004,1912),('Sa majesté la maîtresse',84,793,1913),('Ouvre l\'œil !',297,326,1914),('Poèmes sans queue ni tête',213,663,1915),('Sables émouvants',205,986,1916),('Poèmes sur un fil',170,530,1917),('Oxiseau',182,889,1918),('Sacrées sorcières',107,285,1919),('Pablo de La Courneuve',279,948,1920),('Poésie (la)',51,244,1921),('Pablo',84,919,1922),('Sages Apalants (les)',272,938,1923),('Pablo, enfant du Guatemala',289,244,1924),('Poésie africaine (la)',194,718,1925),('Pacha qui s\'ennuyait (le)',278,127,1926),('Sagesses et malices de Nasreddine, le fou qui était sage',9,290,1927),('Pain, beurre et chocolat',269,994,1928),('Poésie algérienne (la)',194,244,1929),('Paloma et le vaste monde',6,845,1930),('Saisons',9,114,1931),('Palomino',84,391,1932),('Poésie arabo-andalouse',200,731,1933),('Panique à Paris',272,581,1934),('Saisons d\'Issa',148,557,1935),('Panique au village des crottes de nez !',181,802,1936),('Poésie entrée libre',216,990,1937),('Panique dans la mythologie',257,229,1938),('Sale gamin',290,76,1939),('Papa !',84,261,1940),('Papa à grands pas',216,157,1941),('Poésie et humour',233,244,1942),('Papa et maman m\'ont dit',263,661,1943),('Poils, plumes et mots',16,30,1944),('Papa exagère',84,15,1945),('Poisson bleu de Monsieur Chagall… (le)',259,687,1946),('Poisson chat',279,301,1947),('Papa Loup',84,1049,1948),('Poisson et chat',269,466,1949),('Papa maman bébé',84,1102,1950),('Poka et Mine. Les nouvelles ailes',84,277,1951),('Papa n\'a pas le temps',263,261,1952),('Poly la futée et cet imbécile de loup',137,1029,1953),('Papa qui avait dix enfants (le)',54,493,1954),('Pomelo et l\'incroyable trésor',8,42,1955),('Papaski',84,1079,1956),('Pomelo grandit',9,42,1957),('Parapluie de Madame Hô (Le)',207,685,1958),('Pomelo se demande',8,42,1959),('Parcours de Paulo le petit spermatozoïde (le)',84,17,1960),('Pomme de reinette et pomme d\'api',54,1012,1961),('Parfois',147,1064,1962),('Sale gosse, ou l\'incroyable histoire…',279,243,1963),('Parfois je me sens…',84,151,1964),('Parfois, j\'ai envie…',210,1093,1965),('Salem et le sorcier',302,335,1966),('Paris en pyjamarama',267,665,1967),('Salut',267,343,1968),('Parle-moi, petit chat !',9,888,1969),('Sandwich de mammouth (le)',207,888,1970),('Sept chansons pour le hérisson (comptines)',84,1067,1971),('Sanji, le voleur d\'odeurs',205,1075,1972),('Sept histoires de souris',84,698,1973),('Sann',84,216,1974),('Sequoyah',290,728,1975),('Paroles de résistances',9,888,1976),('Sans début ni fin',98,527,1977),('Serpent de neige (le)',126,888,1978),('Sans frontières fixes',63,1004,1979),('Parti',84,32,1980),('Seul ensemble',139,232,1981),('Sans le A',84,391,1982),('Si la lune pouvait parler',114,48,1983),('Sans titre',32,1070,1984),('Si le loup y était',205,565,1985),('Partir',269,967,1986),('Santa Fruta',181,871,1987),('Pas',267,793,1988),('Si tous les éléphants s\'appelaient Bertrand',207,724,1989),('Sara et le clown',205,758,1990),('Si un jour',84,339,1991),('Sassou',84,978,1992),('Pas de baiser pour Maman',84,1079,1993),('Silence complice',193,68,1994),('Pas de loup',84,32,1995),('Saucisse de Cornichou (la)',84,202,1996),('Pas de whisky pour Méphisto',285,1052,1997),('Silencio',54,527,1998),('Pas le temps',198,271,1999),('Saumone',144,211,2000),('Pas question !',84,562,2001),('Sin le veilleur',279,495,2002),('Pas si bêtes, les animaux',276,498,2003),('Passages',304,26,2004),('Saute',84,744,2005),('Passion et Patience',205,267,2006),('Patachon, le mille-pattes désordonné',57,695,2007),('Sindbad le marin',33,621,2008),('Pomme et le papillon (la)',84,733,2009),('Sauvage',54,548,2010),('Patate',279,703,2011),('Singe (le)',269,175,2012),('Pomme pomme pomme',290,349,2013),('Sauve qui poule',243,580,2014),('Patates',279,659,2015),('Singe et le crocodile (le)',284,1155,2016),('Pomme rouge (la)',84,560,2017),('Sauve-toi, Elie',279,138,2018),('Patatras',84,261,2019),('Six milliards de visages',84,1020,2020),('Pompon du lapin (le)',79,440,2021),('Scènes de crime',290,35,2022),('Patience mon ange',79,522,2023),('Sixième (la)',84,793,2024),('Pompon Ours dans les bois',128,207,2025),('Schmat doudou (le)',284,115,2026),('Patron et employé',79,937,2027),('Slip du cauchemar (le)',279,37,2028),('Science en poésie (la)',114,244,2029),('Ponti foulbazar',84,192,2030),('Socrate',84,919,2031),('Paul Fort (le)',194,416,2032),('Scritch scratch dip clapote',84,277,2033),('Pop-up à la ferme',278,874,2034),('Soir de rage',216,76,2035),('Pauvre Verdurette',84,131,2036),('Secret (le)',79,64,2037),('Soleil oiseleur (le)',164,785,2038),('Secret (le)',84,1102,2039),('Sophie la vache musicienne',84,864,2040),('Secret de Kasimo (le)',205,685,2041),('Pop-up pin pon',279,874,2042),('Sorcier du fleuve (le)',26,611,2043),('Secret du chat (le)',166,402,2044),('Pauvreté à l\'œuvre (la)',46,244,2045),('Sorcière Camomille à Paris (la)',173,649,2046),('Popville',128,1017,2047),('Secret du Rocher Noir (le)',84,1059,2048),('Pawana',115,655,2049),('Sorcière de la rue Mouffetard (la)',107,484,2050),('Porculus',84,698,2051),('Sorcière qui rapetissait les enfants (la)',31,193,2052),('Paysajeux',182,433,2053),('Seize nouvelles',290,244,2054),('Porte (la)',84,1096,2055),('SOS petit peureux',205,1025,2056),('Pêche à la baleine (la)',114,905,2057),('Potager d\'Alena (le)',128,1118,2058),('Pêche à la marmite (la)',84,810,2059),('Soupe à la souris (la)',84,698,2060),('Potins du potager (les)',84,793,2061),('Soupe au caillou (la)',211,536,2062),('Pêche à la sirène (la)',84,385,2063),('Soupe au caillou (la)',202,945,2064),('Pou et la puce (le)',79,440,2065),('Peintre et les cygnes sauvages (le)',54,234,2066),('Soupe aux cailloux (la)',101,453,2067),('Un train passe',84,272,2068),('Sourate du taureau (la) ?',117,806,2069),('Un truc sur un machin',205,425,2070),('Source miraculeuse (la)',223,648,2071),('Poucette',279,234,2072),('Peintures pressées',207,425,2073),('Un vrai livre',205,724,2074),('Sourire de la montagne (le)',115,891,2075),('Pouet Pouet',84,94,2076),('Un, deux, pois.',117,722,2077),('Pélagie la sorcière',205,1054,2078),('Souris et le voleur (la)',79,290,2079),('Poule bleue',198,435,2080),('Un, deux, trois… la grenouille c\'est moi',216,93,2081),('Poule qui pond des patates (la)',205,888,2082),('Souris qui cherchait un mari (la)',79,1109,2083),('Poules et poulets',269,720,2084),('Une affreuse rage de dents',84,106,2085),('Poulette douillette',133,234,2086),('Souris qui cherchait un mari (la)',79,1109,2087),('Poulou et Sébastien',32,392,2088),('Une autre histoire',84,151,2089),('Poupée de Ting-Ting (la)',279,941,2090),('Une aventure de Violette Mirgue',252,721,2091),('Pou-poule',84,705,2092),('Une baignoire bien remplie',32,1030,2093),('Pour dormir',28,339,2094),('Une baleine dans mon jardin',269,526,2095),('Pour être un grand méchant loup',54,493,2096),('Une baleine, deux b., trois b., six cachalots',159,145,2097),('Pour jouer avec la langue',54,257,2098),('Une belle journée',84,525,2099),('Une chanson d\'ours',128,207,2100),('Une enfance au pays des livres',78,875,2101),('Une et l\'autre (l\')',198,271,2102),('Une farce',84,903,2103),('Une feuille, un arbre',9,446,2104),('Une fois encore !',84,472,2105),('Une histoire à grosse voix',84,562,2106),('Une histoire à quatre voix',84,151,2107),('Une histoire de caméléon',84,696,2108),('Une histoire de vampire',84,1015,2109),('Une histoire grande comme la main',54,527,2110),('Une histoire pas terrible, terrible',267,520,2111),('Pour que le soir te prenne par la main',63,283,2112),('Une histoire sombre, très sombre',114,150,2113),('Pour une mouche',186,880,2114),('Une journée avec Mireille',117,505,2115),('Pourquoâaa',290,1123,2116),('Pourquoi ?',84,972,2117),('Pourquoi ? Parce que je t\'aime',205,1092,2118),('Pourquoi ça n\'avance pas ?',84,836,2119),('Pourquoi écrire, illustrer pour la jeunesse ?',179,244,2120),('Pourquoi le rossignol chante la nuit',197,634,2121),('Pourquoi le tigre ne grimpe pas aux arbres',279,1155,2122),('Pourquoi l\'éléphant a une trompe',115,540,2123),('Pélican (le)',269,317,2124),('Pourquoi les animaux ont-ils une queue ?',1,907,2125),('Pendant que le loup n\'y est pas',79,64,2126),('Pourquoi les libellules ont le corps si long',84,992,2127),('Pourquoi les zèbres sont-ils en pyjama ?',66,694,2128),('Pénélope et la poule de Pâques',101,76,2129),('Pousse-Poussette',84,439,2130),('Perceval ou le Conte du Graal',124,173,2131),('Poussez pas',207,874,2132),('Perdrix (les)',166,520,2133),('Poussin',272,175,2134),('Père Noël (Histoires à raconter…)',207,244,2135),('Poussin et le chat (le)',79,440,2136),('Père Noël et les fourmis (le)',84,261,2137),('Pouvoir des contes (le)',54,574,2138),('Père Noël, es-tu là ?',207,826,2139),('Prédateurs',290,500,2140),('Père Tire-Bras',290,199,2141),('Premier arrivé, premier servi !',84,836,2142),('Péric et Pac',84,287,2143),('Premier livre d\'or des poètes (le)',276,574,2144),('Périgord noir',290,973,2145),('Premier printemps',198,271,2146),('Perruche, l\'iroko et le chasseur (la)',270,704,2147),('Première année sur la terre',269,994,2148),('Persée et Méduse',207,849,2149),('Première fois que j\'ai eu seize ans (la)',84,793,2150),('Pestacle (le)',79,475,2151),('Première fois que je suis née (la)',115,281,2152),('Pestoune des Pyrénées',84,353,2153),('Premiers poèmes pour toute ma vie',205,720,2154),('Peter, le chat debout',190,934,2155),('Premiers récits, premières conquêtes',4,123,2156),('Petit à petit',198,1100,2157),('Petit Aigle',84,216,2158),('Prendre et donner',182,403,2159),('Petit amour',79,894,2160),('Près des yeux, près du cœur',159,189,2161),('Petit ange',23,398,2162),('Président du monde (le)',153,1162,2163),('Petit arbre qui chantait (le)',217,157,2164),('Pressé ? Pas si pressé !',207,425,2165),('Petit bleu et Petit jaune',84,696,2166),('Pressé, pressée',205,425,2167),('Petit bonheur',40,830,2168),('Preuve par l\'eau de vaisselle (la)',84,777,2169),('Petit bout de bois',290,520,2170),('Prince au petit pois (le)',24,208,2171),('Petit Caillou',116,64,2172),('Vèzmô La sorcière',84,864,2173),('Vide-grenier',272,175,2174),('Surprise (la)',290,942,2175),('Vie des cailloux (La)',162,499,2176),('Surprise (la)',198,238,2177),('Vie des gens (la)',181,791,2178),('Susie Morgenstern',84,218,2179),('Vie ne me fait pas peur (la)',277,25,2180),('Suzanne préfère le rouge',252,857,2181),('Vie qui déraille (la)',5,69,2182),('Suzie est la seule',191,89,2183),('Vie rêvée (la)',267,434,2184),('Sylvain de Sylvanie',272,689,2185),('Vie sexuelle des libellules (la)',207,425,2186),('Viens, on va chercher un poème',272,664,2187),('Ta Lou qui t\'aime',279,138,2188),('Viens, on va chercher un poème',272,664,2189),('Tableaux de Marcel (les)',84,151,2190),('Taches du léopard (les)',84,613,2191),('Vilain dessin',53,1055,2192),('Takam Tikou',154,244,2193),('Vilain petit canard (le)',279,234,2194),('Tandem',153,1110,2195),('Village aux mille roses (le)',102,819,2196),('Ville abandonnée (la)',54,234,2197),('Tangapico',272,689,2198),('Ville aux cent poèmes (la)',269,994,2199),('Tani',9,457,2200),('Vingt poèmes au nez pointu',272,365,2201),('Tante Amélie',218,240,2202),('Violette dans le noir',216,76,2203),('Tardieu (le)',194,1044,2204),('Visite de petite mort (la)',84,277,2205),('T\'as de beaux yeux !',84,202,2206),('Vitamine P (la)',269,1004,2207),('Tas de riz tas de rats',279,301,2208),('Vite, vite, chère Marie !',27,113,2209),('Taupe (la)',278,301,2210),('Vivement jeudi !',290,838,2211),('Taureau bleu (le)',79,908,2212),('Vogue, vogue mon bateau',79,993,2213),('Taxi-brousse de Papa Diop (le)',284,387,2214),('Voilà le loup !',84,972,2215),('Teckel',267,346,2216),('Téléfon (le)',79,406,2217),('Tempête (la)',84,996,2218),('Terrible',269,994,2219),('Terriblement vert !',216,76,2220),('T\'es fleur ou t\'es chou ?',269,915,2221),('Tête à claques',84,261,2222),('Tête dans les étoiles (la)',104,244,2223),('Tête dans les nuages (la)',250,749,2224),('Tête dans les nuages (la)',213,292,2225),('Tétine de Nina (la)',84,815,2226),('Thésée',84,897,2227),('Thésée et le fil d\'Ariane',126,598,2228),('Ti lapin le magicien',84,202,2229),('Voilà voilà',79,475,2230),('Ti Poucet',269,995,2231),('Voisin lit un livre (le)',12,1086,2232),('Tibert et Romuald',205,582,2233),('Voix d\'or de l\'Afrique (la)',9,888,2234),('Ti-Cheval',84,134,2235),('Voleur invisible (le)',216,68,2236),('Tico et les ailes d\'or',84,696,2237),('Raymond rêve',198,271,2238),('Petits haïkus des saisons',84,720,2239),('Rébellion chez les crayons',84,297,2240),('Petits malheurs (les)',63,355,2241),('Récits fabuleux de la mythologie',8,888,2242),('Petits nuages (les)',279,724,2243),('Rédaction (la)',284,1008,2244),('Petits pains au nuage (les)',79,519,2245),('Réfrigogérateur (le)',84,900,2246),('Petits poèmes en rang par trois',44,54,2247),('Refuge (le)',53,13,2248),('Petits points rouges',84,21,2249),('Regarde !',279,349,2250),('Petits poissons (les)',84,493,2251),('Regarde dans la nuit',216,517,2252),('Petits poissons dans l\'eau (les)',79,320,2253),('Regarde dans l\'herbe',216,314,2254),('Petits poissons dans l\'eau (les)',79,320,2255),('Regarde, je vole !',151,710,2256),('Petits riens (les)',279,138,2257),('Réglisse et Calisson',121,1021,2258),('Petits tigres',84,1130,2259),('Reine des couleurs (la)',27,65,2260),('Pétronille et ses 120 petits',84,900,2261),('Remarques',63,913,2262),('Peur de rien',16,226,2263),('Remue-ménage chez Madame K',205,389,2264),('Peut-être que le monde…',269,994,2265),('Renard et l\'étoile (le)',115,103,2266),('Pfff...',84,354,2267),('Rencontre (la)',153,359,2268),('Phantoum, l\'éléphanteau encombré de sa trompe',112,695,2269),('Rendez-moi mes poux !',114,859,2270),('Philipok',116,1061,2271),('Rendez-vous n\'importe où',290,986,2272),('Philofables pour vivre ensemble',8,888,2273),('Rendez-vous sous la lune',84,830,2274),('Photo qui tue (la)',123,545,2275),('Rends-moi mon nez !',279,63,2276),('René Char (le)',194,201,2277),('Piano des bois (le)',84,559,2278),('Rentrée de la petite sorcière (la)',31,986,2279),('Picasso',259,451,2280),('Picoti... tous partis ?',1,939,2281),('Répétou (le)',279,703,2282),('Pied à l\'encrier (le)',67,244,2283),('Réponds correctement !',153,569,2284),('Pieds nus',279,267,2285),('Retour d\'Archibald (le)',216,76,2286),('Pierre et la sorcière',79,109,2287),('Retour de Chapeau Rond Rouge (le)',84,864,2288),('Pierre n\'a plus peur du noir',252,857,2289),('Retour de Papy Frioul (le)',268,711,2290),('Pierre qui roule n\'amasse pas mahousse',285,840,2291),('Revanche de Lili Prune (la)',84,900,2292),('Pierrot le moineau',115,628,2293),('Rêve de Léon (le)',291,685,2294),('Pieuvre bricole (la)',205,100,2295),('Rêve de l\'ours (le)',84,830,2296),('Pilleurs de cèdres (les)',192,68,2297),('Rêve de lune',278,139,2298),('Pilotin',84,696,2299),('Rêve d\'Oscar (le)',251,686,2300),('Pince mi le petit crabe',119,936,2301),('Réveillés les premiers !',84,965,2302),('Pinceau magique (le)',193,572,2303),('Reviens !',267,346,2304),('Pincemi, Pincemoi et la sorcière',114,102,2305),('Rien faire',84,125,2306),('A quoi rêvent les vaches ?',79,662,2307),('Un beau livre',84,131,2308),('À quoi sert la neige ?',163,606,2309),('Un bébé ? Quel cadeau !',96,244,2310),('A table',290,703,2311),('Un bébé ? quelle drôle d\'idée',123,581,2312),('A tout petits pas',116,567,2313),('Un bébé, un livre, une voix',117,210,2314),('A trois, on a moins froid',84,323,2315),('Aagun',278,301,2316),('ABC bestiaire',27,237,2317),('ABC bêtes',116,74,2318),('Un bisou pour…',84,339,2319),('ABCD',182,433,2320),('Un boeuf de Chine',269,1033,2321),('Abécédaire des émotions (l\')',128,783,2322),('Un bon fermier',132,1032,2323),('Aboie, Georges !',84,402,2324),('Un bon petit loup',207,465,2325),('Abominable Monsieur Schteuple (l\')',23,622,2326),('Un bon tour de Renart',101,453,2327),('Abou-az-Zoulouf et le loup',92,136,2328),('Un câlin',198,339,2329),('Une journée chez bébé',227,10,2330),('Un chat dans la nuit',9,556,2331),('Une maison à hanter',29,172,2332),('Un chat est un chat',84,1015,2333),('Souris qui cherche un ami (la)',202,182,2334),('Abracadanoir',84,652,2335),('Une noce chez les lapins',101,436,2336),('Un cœur qui bat',290,10,2337),('Abris',181,546,2338),('Souris qui sauva toute une montagne (la)',269,994,2339),('Un conte peut en cacher un autre',114,285,2340),('Une nuit où je me sentais seule',198,27,2341),('Achile et la rivière',6,2,2342),('Une nuit, un chat',84,897,2343),('Ada, la grincheuse en tutu',158,469,2344),('Souris-moi !',144,981,2345),('Un éléphant au paradis',213,194,2346),('Une petite oie pas si bête',9,224,2347),('Sous la lune poussent les haïkus',269,571,2348),('Une pluie de poésie',5,191,2349),('Sous le grand banian',269,800,2350),('Une poule sur un mur',79,322,2351),('Sous le toit de mes doigts',32,116,2352),('Une princesse au palais',290,948,2353),('Sous un pyjama de lapin',84,339,2354),('Une soupe au caillou',84,1102,2355),('Sous-marin de papier (le)',213,645,2356),('Une souris verte',79,779,2357),('Souvenirs de Paris',290,853,2358),('Une souris verte dans l\'herbe',279,301,2359),('Ssi j\'te mords, t\'es mort',79,311,2360),('Une super histoire de cow-boy',181,871,2361),('Stylo à cancre (le)',5,266,2362),('Une touche de couleurs',131,590,2363),('Suis-je… un chat ?',204,276,2364),('Une vache dans ma chambre',213,174,2365),('Suis-je… un escargot ?',204,276,2366),('Une vie merveilleuse',35,881,2367),('Suis-je… une grenouille ?',204,276,2368),('Univers fascinant du Dominatus (l\')',299,573,2369),('Suis-je… une souris ?',204,276,2370),('V comme Van Gogh',260,990,2371),('S\'unir c\'est se mélanger',235,180,2372),('Vacances de Calamity Mamie (les)',216,19,2373),('S\'unir, c\'est se relayer !',235,180,2374),('Vache orange (la)',101,509,2375),('Super 8',198,346,2376),('Vache qui Rit tire la langue… (la)',90,888,2377),('Super beige',176,928,2378),('Vache qui voulait éteindre la lune (la)',116,74,2379),('Super Cagoule',279,703,2380),('Vaches de Noël (les)',79,662,2381),('Super loup',111,684,2382),('Vague (la)',84,673,2383),('Super Niño',111,391,2384),('Valise (la)',267,92,2385),('Super Papa',114,538,2386),('Vallée des merveilles (la)',84,759,2387),('Super super gloupi',99,1088,2388),('Vampire du C.D.I. (le)',84,793,2389),('Superlapin',84,111,2390),('Sur le chantier',84,60,2391),('Adélaïde',84,1079,2392),('Sur le chemin',207,874,2393),('Un éléphant et autres animaux de compagnie',115,1120,2394),('Sur le lit',84,900,2395),('Adéwi Komé, la nuit',117,505,2396),('Sur le nez du chiot, une sauterelle…',53,852,2397),('Un éléphant qui…',79,779,2398),('Sur les genoux de maman',84,528,2399),('Un éléphant sur une balançoire',291,1030,2400),('Sur les traces de Maman',84,1022,2401),('Un et sept',279,937,2402),('Sur l\'île des Zertes',84,900,2403),('Adieu Chaussette',128,207,2404),('Sur mon fil',205,1110,2405),('Un figuier venu d\'ailleurs',222,68,2406),('Sur un toit, un chat',1,948,2407),('Adieu croquettes ! Adieu caresses !',267,260,2408),('Van Gogh',259,763,2409),('Un flocon d\'amour',95,986,2410),('Va-t\'en guerre',279,301,2411),('Un fruit rouge',269,1150,2412),('Va-t\'en, grand monstre vert !',84,386,2413),('Un gâteau au goûter',84,1122,2414),('Vava Inouva',145,727,2415),('Adultes ne font jamais ça (les)',128,175,2416),('Vélo de Jo (le)',84,408,2417),('Un gorille, un livre à compter',84,151,2418),('Vélo rose (le)',84,32,2419),('Affaires de Monsieur le Chat (Les)',153,937,2420),('Vengeance de Cornebidouille (la)',84,94,2421),('Un goûter au Mont Fuji',237,949,2422),('Vengeance de Germaine (la)',84,378,2423),('Afrique de Zigomar (l\')',84,261,2424),('Venture d\'Isée (la)',84,900,2425),('Afrique, petit Chaka…(l\')',260,990,2426),('Verdurette cherche un abri',84,131,2427),('Agneau qui ne voulait pas être un mouton (l\')',286,573,2428),('Vert secret',272,360,2429),('Un grand cerf',79,134,2430),('Vert tamanoir',198,239,2431),('Ah !',260,459,2432),('Un grand jour de rien',8,12,2433),('Ah ! Ernesto',290,371,2434),('Un homme sans manteau',63,1004,2435),('Ah ! Quelle soupe les amis !',269,994,2436),('Un jardin sur le bout de la langue',213,588,2437),('Aïko, la jeune fille à l\'éventail',6,1101,2438),('Un jour mon prince viendra',84,277,2439),('Air de fête',116,792,2440),('Un jour un loup',84,1015,2441),('Akiko la courageuse',237,500,2442),('Akiko la curieuse',237,500,2443),('Akiko l\'amoureuse',237,500,2444),('Akli, prince du désert',84,830,2445),('Un jour, deux ours',205,941,2446),('Alboum',99,153,2447),('Un jour, je serai une grande sorcière',84,1096,2448),('Album, que fais-tu, que dis-tu ?',1,273,2449),('Un lion à Paris',27,12,2450),('Album, une littérature pour tous les publics (L\')',18,244,2451),('Un livre',32,1070,2452),('Albums',73,1090,2453),('Un livre, et plus encore...',115,1138,2454),('Aldo, un garçon tout en finesse',185,423,2455),('Un loup au Paradis',278,301,2456),('Alice au pays des merveilles',107,185,2457),('Un loup génial',84,972,2458),('Alice la culbute',153,937,2459),('Un monde à tomber par terre',2,169,2460),('Alice sourit',115,1138,2461),('Aller-retour',75,213,2462),('Alors ?',84,277,2463),('Alors, ça mord ?',23,464,2464),('Un monde de cochons',84,917,2465),('Alouette',79,134,2466),('Voleuse !',290,906,2467),('Un monde en couleurs',115,819,2468),('Un ours dans la bergerie',290,1006,2469),('Un ours, des ours',272,292,2470),('Alpahabêtise, alphabêta',191,962,2471),('Voyage à Poubelle-Plage',279,138,2472),('Un papa à domicile',84,378,2473),('Un papa sur mesure',272,175,2474),('Voyage d\'Anoki (le)',116,500,2475),('Un petit bois mystérieux',115,998,2476),('Un petit bouquet de poèmes',123,205,2477),('Voyage d\'Aquilon (le)',265,811,2478),('Un petit bouquet de poèmes',123,205,2479),('Un petit frère pour Nina',84,816,2480),('Voyage de Couci-Couça (le)',267,385,2481),('Un peu perdu',290,514,2482),('Un poème pour vivre',36,561,2483),('Voyage de l\'âne (le)',79,477,2484),('Un poisson d\'Avril',269,1107,2485),('Alpha bestiaire (L’)',180,85,2486),('Voyage de l\'ours Pompon (le)',144,14,2487),('Alphabet',210,847,2488),('Alphabet fou (l\')',161,944,2489),('Voyage d\'Oregon (le)',84,919,2490),('Un poisson est un poisson',84,696,2491),('Alphabêtisier (L’)',278,138,2492),('Voyage du lièvre et du blaireau (le)',115,945,2493),('Un poulailler dans les étoiles',244,580,2494),('Un pull pour te protéger',198,339,2495),('Voyage en Amnésie',177,470,2496),('Un rêve sans faim',213,292,2497),('Un secret tout rond',248,157,2498),('Voyage sur un nuage',144,738,2499),('Un sommeil agité',291,1030,2500),('Un tableau trop bavard',208,425,2501),('Voyages merveilleux de Lilou la fée (les)',95,546,2502),('Un tour de cochons',1,939,2503),('Tiens !',182,42,2504),('Alumette',84,1079,2505),('Amanda chocolat',205,425,2506),('Voyelles',279,138,2507),('Tigre qui s\'invita pour le thé (le)',8,601,2508),('Amani, faiseur de pluie',207,941,2509),('Vues d\'ici',215,730,2510),('Amants papillons (Les)',279,638,2511),('Tihtiyas et Jean',256,431,2512),('Amélie la souris',115,628,2513),('Wahid',9,679,2514),('Ami ! Ami ?',153,920,2515),('Till l\'espiègle et les tricheurs',181,669,2516),('Ami du petit tyrannosaure (l\')',84,996,2517),('Where\'s Spot ?',234,534,2518),('Ami-ami',84,919,2519),('Wizzil',84,1024,2520),('Xavier-Laurent Petit',84,336,2521),('Amour, Beauté et Crottes de nez',181,794,2522),('Y\'a une pie dans l\'poirier',79,134,2523),('Amour, impératif et pistolet',290,76,2524),('Amoureux du palais de glace (les)',9,888,2525),('Yakouba',278,301,2526),('Amoureux grave',290,138,2527),('Amoureux sont trop bêtes (les)',272,175,2528),('Yasuke',181,728,2529),('Ane et la vache (l\')',197,1040,2530),('Ane invisible (l\')',302,223,2531),('Youpi ! Poésie !!',120,876,2532),('Ane K\'hal à la télévision (l\')',302,223,2533),('Yoyo. J\'ai perdu mon doudou',189,793,2534),('Ange de Grand-Père (l\')',115,65,2535),('Yoyo. Je m\'appelle Yoyo',189,793,2536),('Yuki et les mille porteurs',173,1134,2537),('Ange disparu (l\')',272,360,2538),('Yuni et Amélie',61,672,2539),('Ange ou démon',267,128,2540),('Yvain, le Chevalier au Lion',124,173,2541),('Animal domestique d\'Hermès Quichon (l\')',84,1102,2542),('Zagazou',115,110,2543),('Animalimages',165,768,2544),('Zanimaux zétonnants (les)',85,588,2545),('Ze vais te manzer',111,315,2546),('Titi à Paris',84,1015,2547),('Zékéyé est tout petit',124,333,2548),('Toc ! Toc ! Qui est là ?',84,483,2549),('Zékéyé et le serpent python',125,333,2550),('Toc, toc, Monsieur Croc !',205,699,2551),('Zélig, grand explorateur',211,1159,2552),('Toi grand, moi petit',84,1015,2553),('Zéro pour Zorro',213,292,2554),('Tomaso et les trois ogresses',207,425,2555),('Zigomar n\'aime pas les légumes',84,261,2556),('Tomi Ungerer',84,1137,2557),('Zoo',115,301,2558),('Ton cauchemar',198,339,2559),('Zoo des couleurs (le)',166,379,2560),('Ton histoire',84,32,2561),('Zoo poétique (le)',279,244,2562),('Ton porc te ment tôt',8,720,2563),('Zou',84,439,2564),('Tonino l\'invisible',84,937,2565),('Zou n\'a pas peur',84,439,2566),('Tony Tiny Boy',128,281,2567),('Zutécrotte et autres monstres... (le)',249,50,2568),('Top Model',267,678,2569),('Totale angoisse',290,35,2570),('Totoche',84,1083,2571),('Toujours rien ?',267,1122,2572),('Tour (la)',261,27,2573),('Tour de France multicolore des contes',269,445,2574),('Tour de terre en poésie',269,526,2575),('Tour des vents (la)',122,68,2576),('Tour du monde des contes (le)',269,445,2577),('Tournée du Facteur Souris (la)',54,358,2578),('Tourterelle de Youssef Yousfine (la)',84,286,2579),('Tous les monstres ont peur du noir',111,391,2580),('Tous les petits',84,32,2581),('Tous pressés',205,425,2582),('Tous sauf un',248,157,2583),('1, 2, 3, 4 pattes',84,140,2584),('Tous ses petits canards',99,361,2585),('Tout au fond',182,1077,2586),('1,2,3 banquise',198,144,2587),('Tout ce qu\'il faut savoir sur les méchants',205,796,2588),('1,2,3 petits chats qui savaient compter jusqu\'à 3',84,1096,2589),('Tout change',84,151,2590),('Tout doux',267,340,2591),('Tout d\'un loup',94,383,2592),('Tout en haut',84,917,2593),('1,2,3,Gym !',182,278,2594),('Tout est calme',84,897,2595),('Tout neuf !',23,871,2596),('1,2,3,partons !',128,213,2597),('Tout petit (le)',23,686,2598),('Tout petit os (le)',79,656,2599),('1,2,3… comptines',96,244,2600),('Tout petit très grand',66,1141,2601),('10 contes d\'Afrique',205,754,2602),('Tout petit tu lis',117,1122,2603),('10 contes de fantômes',123,188,2604),('Tout petit tu lis N°6',212,244,2605),('10 contes de Turquie',101,1082,2606),('Tout pour ma pomme',205,724,2607),('10 nouvelles fantastiques',102,487,2608),('10 petits doigts',267,798,2609),('Tout un monde',290,703,2610),('Tout un tas de loups',194,267,2611),('Tout va très bien madame la Marquise',79,773,2612),('Toute la lumière sur l\'obscurité',177,868,2613),('Toute petite bonne femme (la)',84,60,2614),('Toute petite, petite bonne femme (la)',79,656,2615),('10 p\'tits pingouins',128,426,2616),('Toutes les couleurs',84,972,2617),('10 tableaux et un ballon rouge',216,990,2618),('Toutes sortes de formes',84,539,2619),('100 merveilleuses histoires du Père Castor',101,244,2620),('Toutou dit tout',84,131,2621),('100 poèmes du monde pour les enfants',62,841,2622),('100 poèmes pour les enfants de 3 à 6 ans',216,925,2623),('101 poèmes pour les petits',32,244,2624),('Tout-petits et les livres (les)',96,78,2625),('12 histoires de liberté, égalité, fraternité',97,244,2626),('Tout-petits, le monde et les albums (les)',96,5,2627),('13 contes et récits d\'Halloween',101,914,2628),('14 contes de Russie',101,453,2629),('17 contes d\'Algérie',56,70,2630),('17 récits de pirates et de corsaires',101,255,2631),('19 fables de renard',56,808,2632),('Tracas de Blaise (le)',23,424,2633),('1er c\'est canard (le)',267,346,2634),('Train jaune (le)',278,86,2635),('2 Bleu',115,186,2636),('Trémolo',84,1079,2637),('2 petites mains et 2 petits pieds',115,420,2638),('Trente Haïkus rouges ou bleus',84,720,2639),('20 contes des pourquoi',275,888,2640),('Très petite Zébuline (la)',6,845,2641),('Très, très fort !',101,254,2642),('Trésors surprises',272,676,2643),('202 contes de Nasreddin Hodja',113,244,2644),('23 récits et légendes de vikings',101,1013,2645),('Tresse ou le voyage de Lalita (la)',119,248,2646),('27 poules sur un mur',278,301,2647),('Triomphe du zéro (le)',66,937,2648),('3 contes cruels',84,57,2649),('Tristan et Iseult',116,414,2650),('3 petites culottes',249,686,2651),('Trognon à l\'école de la chair de trouille',29,974,2652),('31 boîtes',9,137,2653),('Trois boucs (les)',79,656,2654),('365 contes des pourquoi et des comment',115,115,2655),('Trois brigands (les)',84,1079,2656),('Trois chats',173,148,2657),('Trois cochons (les)',66,1135,2658),('365 contes en ville',115,115,2659),('Trois contes de frissons',105,642,2660),('365 pingouins',215,426,2661),('Trois courageux petits gorilles',84,1095,2662),('4 saisons de Loup (Les)',33,565,2663),('Trois histoires folles de Monsieur Pol',84,277,2664),('40 petits contes',31,927,2665),('Trois jours en plus',195,267,2666),('Trois loups (les)',84,269,2667),('Trois ours (les)',84,60,2668),('50 ans de littérature pour la jeunesse',50,244,2669),('Trois petits brins d\'herbe',101,157,2670),('60 poésies et comptines',31,898,2671),('Trois petits cochons (les)',207,313,2672),('66 haïkus',295,166,2673),('Trois petits morceaux de nuit',9,1099,2674),('800 histoires drôles',123,1063,2675),('Trois petits pois',267,932,2676),('9 contes de Grimm',101,480,2677),('Trois petits pourceaux (les)',79,908,2678),('999 têtards',27,610,2679),('Trois plumes (les)',126,888,2680),('A (le)',84,900,2681),('A bit lost',300,514,2682),('A calicochon',84,151,2683),('A chacun ses affaires',115,504,2684),('Trois questions (les)',101,362,2685),('Trois sorcières',84,1015,2686),('A cheval sur la lune',280,206,2687),('Trois vaillants petits déchets (les)',84,843,2688),('A la lettre, un alphabet poétique',205,425,2689),('Trou (le)',267,6,2690),('A la pêche à la sardine',267,798,2691),('Truc de fille ou truc de garçon ?',84,899,2692),('A la volette',79,120,2693),('Tsin-Line',30,971,2694),('Tu fais quoi ?',128,264,2695),('Tu habites où ?',269,494,2696),('A l\'aube du buisson',63,1004,2697),('A l\'étranger',153,984,2698),('Tu lis déjà ? tu lis quoi ?',38,244,2699),('A l\'intérieur des méchants',279,872,2700),('Tu m\'aimes ou tu m\'aimes pas ?',84,830,2701),('Tu m\'aimes, dis ?',55,983,2702),('A l\'ombre de l\'olivier',79,400,2703),('Tu seras funambule comme papa !',84,1022,2704),('A l\'ombre du flamboyant',79,485,2705),('Tu seras ma princesse',272,723,2706),('Tu t\'appelles qui ?',290,432,2707),('A moitié',74,425,2708),('Tu te crois le lion ?',79,1080,2709),('A mots croisés',205,425,2710),('Tu verras quand tu seras grand',290,175,2711),('A mots gourmands',81,574,2712),('Tu voyages comment ?',269,494,2713),('Tunnel (le)',84,151,2714),('Tyranno petite sœur',272,175,2715),('Ulysse aux mille ruses',84,897,2716),('Un ami rien qu\'à moi',205,987,2717),('A poèmes ouverts',278,1004,2718),('Un ami très cool',166,168,2719),('A quai',279,976,2720),('Un amour de poule',285,36,2721),('A qui est ce vélo ?',237,586,2722),('Un arbre, une histoire',5,81,2723);
/*!40000 ALTER TABLE `Book` ENABLE KEYS */;
UNLOCK TABLES;

--
-- Table structure for table `Book_copies`
--

DROP TABLE IF EXISTS `Book_copies`;
/*!40101 SET @saved_cs_client     = @@character_set_client */;
/*!50503 SET character_set_client = utf8mb4 */;
CREATE TABLE `Book_copies` (
  `id` int NOT NULL AUTO_INCREMENT,
  `book_id` int DEFAULT '1',
  `library_branch_id` int NOT NULL,
  `no_of_copies` int NOT NULL,
  PRIMARY KEY (`id`),
  KEY `library_branch_id` (`library_branch_id`),
  KEY `book_id` (`book_id`),
  CONSTRAINT `Book_copies_ibfk_2` FOREIGN KEY (`library_branch_id`) REFERENCES `Library_branch` (`id`) ON DELETE CASCADE,
  CONSTRAINT `Book_copies_ibfk_3` FOREIGN KEY (`book_id`) REFERENCES `Book` (`id`) ON DELETE CASCADE
) ENGINE=InnoDB AUTO_INCREMENT=5400 DEFAULT CHARSET=utf8mb4 COLLATE=utf8mb4_0900_ai_ci;
/*!40101 SET character_set_client = @saved_cs_client */;

--
-- Dumping data for table `Book_copies`
--

LOCK TABLES `Book_copies` WRITE;
/*!40000 ALTER TABLE `Book_copies` DISABLE KEYS */;
INSERT INTO `Book_copies` VALUES (1,2584,1,26),(2,2587,1,25),(3,2589,1,3),(4,2594,1,26),(5,2597,1,46),(6,2600,1,11),(7,2602,1,27),(8,2604,1,37),(9,2606,1,47),(10,2608,1,7),(11,2609,1,40),(12,2616,1,40),(13,2618,1,9),(14,2620,1,41),(15,2622,1,8),(16,2623,1,3),(17,2624,1,49),(18,2626,1,27),(19,2628,1,23),(20,2629,1,29),(21,2630,1,19),(22,2631,1,40),(23,2632,1,3),(24,2634,1,6),(25,2636,1,49),(26,2638,1,37),(27,2640,1,30),(28,2644,1,45),(29,2645,1,13),(30,2647,1,26),(31,2649,1,32),(32,2651,1,43),(33,2653,1,48),(34,2655,1,47),(35,2659,1,32),(36,2661,1,38),(37,2663,1,35),(38,2665,1,17),(39,2669,1,2),(40,2671,1,30),(41,2673,1,10),(42,2675,1,21),(43,2677,1,45),(44,2679,1,34),(45,2681,1,9),(46,2682,1,10),(47,2683,1,5),(48,2684,1,1),(49,2687,1,6),(50,2689,1,13),(51,2691,1,16),(52,2693,1,18),(53,2697,1,30),(54,2698,1,29),(55,2700,1,44),(56,2703,1,42),(57,2705,1,9),(58,2708,1,34),(59,2710,1,27),(60,2712,1,32),(61,2718,1,31),(62,2720,1,11),(63,2722,1,36),(64,2307,1,4),(65,2309,1,19),(66,2311,1,40),(67,2313,1,49),(68,2315,1,34),(69,2316,1,39),(70,2317,1,5),(71,2318,1,39),(72,2320,1,17),(73,2322,1,22),(74,2324,1,44),(75,2326,1,23),(76,2328,1,24),(77,2335,1,20),(78,2338,1,23),(79,2342,1,4),(80,2344,1,40),(81,2392,1,1),(82,2396,1,4),(83,2404,1,1),(84,2408,1,14),(85,2416,1,34),(86,2420,1,2),(87,2424,1,41),(88,2426,1,24),(89,2428,1,24),(90,2432,1,23),(91,2434,1,22),(92,2436,1,43),(93,2438,1,42),(94,2440,1,38),(95,2442,1,21),(96,2443,1,35),(97,2444,1,43),(98,2445,1,5),(99,2447,1,14),(100,2449,1,12),(101,2451,1,39),(102,2453,1,22),(103,2455,1,24),(104,2457,1,36),(105,2459,1,16),(106,2461,1,3),(107,2462,1,25),(108,2463,1,31),(109,2464,1,49),(110,2466,1,21),(111,2471,1,33),(112,2486,1,9),(113,2488,1,7),(114,2489,1,26),(115,2492,1,14),(116,2505,1,20),(117,2506,1,31),(118,2509,1,48),(119,2511,1,6),(120,2513,1,35),(121,2515,1,48),(122,2517,1,11),(123,2519,1,9),(124,2522,1,44),(125,2524,1,38),(126,2525,1,8),(127,2527,1,17),(128,2528,1,40),(129,2530,1,42),(130,2531,1,36),(131,2533,1,47),(132,2535,1,32),(133,2538,1,20),(134,2540,1,16),(135,2542,1,43),(136,2544,1,43),(137,1,1,23),(138,4,1,41),(139,6,1,31),(140,10,1,41),(141,12,1,41),(142,17,1,12),(143,23,1,33),(144,27,1,5),(145,31,1,26),(146,33,1,44),(147,35,1,46),(148,51,1,50),(149,51,1,10),(150,64,1,2),(151,69,1,20),(152,72,1,29),(153,75,1,47),(154,85,1,49),(155,89,1,29),(156,92,1,6),(157,94,1,28),(158,96,1,1),(159,102,1,14),(160,104,1,28),(161,106,1,33),(162,109,1,42),(163,114,1,24),(164,127,1,43),(165,131,1,39),(166,137,1,3),(167,142,1,19),(168,147,1,1),(169,152,1,6),(170,154,1,42),(171,160,1,46),(172,165,1,9),(173,173,1,36),(174,177,1,26),(175,179,1,5),(176,188,1,4),(177,194,1,27),(178,197,1,3),(179,291,1,45),(180,296,1,6),(181,298,1,9),(182,300,1,23),(183,303,1,26),(184,305,1,26),(185,334,1,42),(186,339,1,43),(187,341,1,22),(188,344,1,7),(189,350,1,3),(190,354,1,35),(191,359,1,9),(192,365,1,34),(193,370,1,26),(194,375,1,7),(195,8,1,26),(196,13,1,15),(197,22,1,38),(198,29,1,8),(199,30,1,19),(200,32,1,27),(201,34,1,6),(202,36,1,46),(203,38,1,49),(204,39,1,19),(205,41,1,44),(206,43,1,25),(207,46,1,12),(208,49,1,34),(209,52,1,49),(210,57,1,34),(211,70,1,17),(212,73,1,27),(213,76,1,48),(214,78,1,38),(215,80,1,43),(216,81,1,18),(217,86,1,11),(218,90,1,43),(219,121,1,37),(220,126,1,5),(221,144,1,17),(222,158,1,35),(223,162,1,23),(224,164,1,3),(225,166,1,28),(226,167,1,36),(227,169,1,4),(228,172,1,39),(229,174,1,33),(230,178,1,11),(231,186,1,18),(232,192,1,6),(233,200,1,6),(234,206,1,44),(235,209,1,12),(236,236,1,11),(237,239,1,35),(238,241,1,31),(239,241,1,50),(240,245,1,18),(241,247,1,11),(242,250,1,16),(243,254,1,1),(244,257,1,34),(245,261,1,14),(246,297,1,45),(247,301,1,35),(248,304,1,38),(249,307,1,9),(250,310,1,28),(251,314,1,6),(252,318,1,18),(253,340,1,29),(254,342,1,20),(255,345,1,26),(256,348,1,36),(257,355,1,18),(258,360,1,40),(259,363,1,7),(260,386,1,35),(261,390,1,11),(262,395,1,10),(263,412,1,29),(264,434,1,13),(265,440,1,3),(266,444,1,22),(267,447,1,35),(268,451,1,17),(269,454,1,37),(270,457,1,17),(271,459,1,32),(272,462,1,23),(273,466,1,45),(274,468,1,8),(275,471,1,2),(276,473,1,1),(277,476,1,18),(278,479,1,33),(279,483,1,47),(280,490,1,38),(281,702,1,45),(282,727,1,20),(283,732,1,28),(284,736,1,21),(285,739,1,12),(286,741,1,41),(287,741,1,21),(288,746,1,46),(289,759,1,25),(290,760,1,10),(291,762,1,18),(292,765,1,27),(293,769,1,35),(294,773,1,41),(295,777,1,42),(296,5,1,1),(297,11,1,41),(298,16,1,28),(299,20,1,32),(300,47,1,17),(301,53,1,48),(302,59,1,6),(303,65,1,29),(304,93,1,29),(305,97,1,27),(306,107,1,36),(307,110,1,35),(308,115,1,36),(309,123,1,8),(310,125,1,10),(311,128,1,4),(312,130,1,34),(313,133,1,26),(314,136,1,49),(315,143,1,23),(316,148,1,1),(317,151,1,20),(318,156,1,46),(319,156,1,48),(320,199,1,33),(321,205,1,23),(322,211,1,20),(323,214,1,10),(324,216,1,28),(325,217,1,21),(326,221,1,17),(327,224,1,28),(328,228,1,49),(329,231,1,15),(330,235,1,46),(331,240,1,42),(332,271,1,48),(333,280,1,9),(334,281,1,36),(335,283,1,28),(336,290,1,1),(337,292,1,34),(338,309,1,47),(339,311,1,34),(340,313,1,17),(341,315,1,48),(342,317,1,43),(343,319,1,17),(344,321,1,9),(345,323,1,9),(346,325,1,36),(347,327,1,39),(348,329,1,25),(349,343,1,19),(350,361,1,46),(351,364,1,45),(352,366,1,17),(353,368,1,44),(354,377,1,34),(355,382,1,10),(356,387,1,34),(357,391,1,15),(358,397,1,25),(359,405,1,10),(360,15,1,26),(361,15,1,24),(362,21,1,30),(363,25,1,41),(364,37,1,31),(365,40,1,45),(366,42,1,38),(367,42,1,1),(368,42,1,36),(369,54,1,4),(370,61,1,27),(371,67,1,23),(372,77,1,2),(373,79,1,8),(374,82,1,17),(375,87,1,10),(376,91,1,37),(377,99,1,19),(378,111,1,35),(379,116,1,27),(380,118,1,28),(381,119,1,30),(382,122,1,50),(383,129,1,28),(384,135,1,31),(385,139,1,41),(386,145,1,28),(387,149,1,23),(388,157,1,39),(389,163,1,48),(390,170,1,40),(391,175,1,33),(392,182,1,13),(393,185,1,50),(394,191,1,10),(395,204,1,27),(396,210,1,9),(397,215,1,13),(398,215,1,22),(399,227,1,37),(400,230,1,8),(401,234,1,14),(402,242,1,27),(403,246,1,1),(404,251,1,38),(405,253,1,15),(406,256,1,1),(407,258,1,2),(408,260,1,4),(409,264,1,28),(410,270,1,39),(411,275,1,29),(412,277,1,50),(413,284,1,33),(414,289,1,9),(415,289,1,20),(416,332,1,33),(417,337,1,25),(418,347,1,25),(419,352,1,26),(420,357,1,7),(421,362,1,37),(422,367,1,44),(423,373,1,12),(424,2,1,44),(425,9,1,42),(426,19,1,50),(427,24,1,10),(428,26,1,49),(429,28,1,12),(430,55,1,33),(431,60,1,36),(432,63,1,38),(433,66,1,20),(434,66,1,4),(435,71,1,33),(436,74,1,49),(437,83,1,22),(438,88,1,24),(439,113,1,2),(440,124,1,11),(441,155,1,47),(442,161,1,3),(443,168,1,24),(444,171,1,50),(445,176,1,42),(446,180,1,25),(447,181,1,11),(448,181,1,27),(449,189,1,8),(450,195,1,42),(451,198,1,15),(452,203,1,3),(453,249,1,12),(454,252,1,13),(455,255,1,33),(456,259,1,47),(457,263,1,13),(458,265,1,26),(459,266,1,18),(460,269,1,4),(461,294,1,11),(462,295,1,10),(463,299,1,16),(464,302,1,19),(465,306,1,5),(466,308,1,25),(467,312,1,14),(468,316,1,19),(469,320,1,31),(470,322,1,24),(471,324,1,25),(472,326,1,22),(473,328,1,32),(474,330,1,20),(475,331,1,44),(476,333,1,20),(477,335,1,28),(478,336,1,22),(479,338,1,14),(480,346,1,43),(481,349,1,10),(482,351,1,50),(483,353,1,23),(484,356,1,46),(485,358,1,47),(486,381,1,20),(487,383,1,16),(488,384,1,15),(489,388,1,50),(490,392,1,10),(491,398,1,13),(492,415,1,40),(493,437,1,33),(494,442,1,18),(495,445,1,32),(496,449,1,8),(497,452,1,45),(498,460,1,32),(499,464,1,34),(500,469,1,2),(501,478,1,37),(502,481,1,45),(503,486,1,10),(504,504,1,37),(505,510,1,47),(506,513,1,17),(507,517,1,40),(508,520,1,20),(509,525,1,16),(510,527,1,25),(511,528,1,46),(512,532,1,38),(513,535,1,31),(514,538,1,44),(515,542,1,47),(516,546,1,15),(517,552,1,10),(518,558,1,38),(519,584,1,2),(520,587,1,23),(521,591,1,41),(522,594,1,24),(523,598,1,24),(524,598,1,24),(525,607,1,9),(526,619,1,31),(527,622,1,6),(528,625,1,26),(529,632,1,34),(530,636,1,19),(531,639,1,18),(532,641,1,36),(533,644,1,31),(534,647,1,12),(535,650,1,4),(536,661,1,18),(537,661,1,47),(538,669,1,14),(539,672,1,27),(540,685,1,25),(541,685,1,43),(542,691,1,10),(543,696,1,10),(544,698,1,2),(545,699,1,33),(546,700,1,29),(547,701,1,34),(548,704,1,26),(549,730,1,16),(550,734,1,23),(551,737,1,35),(552,749,1,22),(553,751,1,7),(554,754,1,1),(555,756,1,38),(556,758,1,24),(557,761,1,34),(558,763,1,41),(559,767,1,24),(560,770,1,24),(561,775,1,24),(562,3,1,26),(563,7,1,15),(564,14,1,21),(565,18,1,12),(566,44,1,4),(567,50,1,14),(568,56,1,37),(569,62,1,19),(570,84,1,36),(571,95,1,29),(572,98,1,25),(573,100,1,22),(574,101,1,10),(575,103,1,1),(576,105,1,29),(577,108,1,34),(578,112,1,16),(579,117,1,39),(580,120,1,12),(581,132,1,6),(582,134,1,41),(583,134,1,21),(584,140,1,29),(585,141,1,49),(586,146,1,7),(587,150,1,4),(588,153,1,23),(589,159,1,48),(590,187,1,14),(591,190,1,42),(592,193,1,10),(593,196,1,26),(594,202,1,39),(595,208,1,10),(596,212,1,11),(597,219,1,18),(598,222,1,2),(599,226,1,10),(600,229,1,28),(601,233,1,34),(602,237,1,3),(603,267,1,38),(604,273,1,1),(605,274,1,27),(606,276,1,35),(607,278,1,14),(608,285,1,1),(609,286,1,15),(610,288,1,33),(611,369,1,33),(612,371,1,26),(613,372,1,25),(614,374,1,21),(615,376,1,40),(616,378,1,49),(617,379,1,15),(618,380,1,34),(619,385,1,3),(620,389,1,44),(621,394,1,18),(622,400,1,23),(623,401,1,3),(624,404,1,40),(625,407,1,22),(626,411,1,7),(627,413,1,43),(628,416,1,22),(629,418,1,14),(630,420,1,37),(631,421,1,4),(632,426,1,5),(633,433,1,17),(634,439,1,16),(635,474,1,43),(636,423,1,5),(637,425,1,33),(638,428,1,4),(639,430,1,25),(640,431,1,35),(641,436,1,41),(642,455,1,44),(643,484,1,36),(644,487,1,47),(645,489,1,21),(646,492,1,19),(647,494,1,31),(648,494,1,40),(649,497,1,14),(650,499,1,47),(651,501,1,28),(652,505,1,41),(653,523,1,42),(654,548,1,35),(655,555,1,23),(656,560,1,18),(657,566,1,43),(658,570,1,19),(659,573,1,47),(660,577,1,41),(661,580,1,47),(662,605,1,15),(663,605,1,32),(664,617,1,45),(665,645,1,25),(666,651,1,17),(667,655,1,12),(668,658,1,3),(669,663,1,24),(670,670,1,44),(671,675,1,23),(672,677,1,41),(673,679,1,44),(674,681,1,37),(675,683,1,49),(676,686,1,5),(677,690,1,5),(678,695,1,34),(679,707,1,25),(680,710,1,6),(681,713,1,9),(682,717,1,47),(683,719,1,22),(684,722,1,45),(685,726,1,7),(686,744,1,12),(687,750,1,29),(688,764,1,14),(689,768,1,8),(690,768,1,47),(691,778,1,35),(692,780,1,11),(693,784,1,8),(694,788,1,41),(695,791,1,49),(696,795,1,29),(697,799,1,38),(698,803,1,10),(699,808,1,44),(700,812,1,35),(701,817,1,10),(702,823,1,43),(703,833,1,16),(704,838,1,42),(705,853,1,17),(706,858,1,19),(707,858,1,15),(708,870,1,16),(709,458,1,21),(710,463,1,49),(711,467,1,6),(712,472,1,44),(713,477,1,13),(714,482,1,44),(715,488,1,41),(716,493,1,34),(717,498,1,18),(718,506,1,25),(719,511,1,21),(720,516,1,41),(721,521,1,24),(722,524,1,48),(723,529,1,15),(724,534,1,20),(725,539,1,14),(726,543,1,14),(727,550,1,44),(728,556,1,47),(729,562,1,15),(730,567,1,36),(731,571,1,27),(732,576,1,32),(733,578,1,11),(734,581,1,24),(735,583,1,37),(736,585,1,11),(737,590,1,21),(738,595,1,24),(739,599,1,28),(740,606,1,28),(741,612,1,29),(742,615,1,29),(743,621,1,20),(744,621,1,7),(745,631,1,47),(746,643,1,49),(747,649,1,14),(748,654,1,2),(749,659,1,30),(750,671,1,30),(751,692,1,41),(752,706,1,40),(753,711,1,49),(754,716,1,28),(755,721,1,12),(756,725,1,5),(757,731,1,45),(758,735,1,29),(759,740,1,6),(760,742,1,19),(761,745,1,10),(762,748,1,23),(763,753,1,16),(764,757,1,1),(765,783,1,46),(766,787,1,27),(767,818,1,30),(768,824,1,11),(769,827,1,8),(770,829,1,39),(771,832,1,9),(772,835,1,34),(773,847,1,5),(774,849,1,32),(775,852,1,12),(776,859,1,24),(777,869,1,17),(778,875,1,21),(779,875,1,29),(780,884,1,1),(781,886,1,4),(782,887,1,12),(783,889,1,49),(784,891,1,39),(785,898,1,21),(786,903,1,22),(787,914,1,44),(788,919,1,19),(789,924,1,48),(790,929,1,48),(791,934,1,15),(792,939,1,22),(793,944,1,50),(794,948,1,40),(795,954,1,17),(796,956,1,14),(797,960,1,41),(798,963,1,2),(799,966,1,25),(800,971,1,13),(801,983,1,48),(802,986,1,33),(803,989,1,49),(804,993,1,43),(805,1001,1,48),(806,1013,1,30),(807,1018,1,8),(808,1023,1,45),(809,1028,1,47),(810,1032,1,28),(811,1038,1,22),(812,1043,1,42),(813,1048,1,13),(814,1055,1,30),(815,1057,1,26),(816,1059,1,16),(817,1062,1,44),(818,1065,1,37),(819,1080,1,24),(820,1118,1,11),(821,1130,1,3),(822,1135,1,28),(823,1148,1,36),(824,1151,1,35),(825,1157,1,31),(826,1178,1,13),(827,1183,1,33),(828,1192,1,24),(829,1197,1,49),(830,1202,1,22),(831,1208,1,49),(832,1214,1,6),(833,1221,1,29),(834,794,1,10),(835,798,1,11),(836,802,1,14),(837,806,1,48),(838,809,1,48),(839,813,1,24),(840,819,1,30),(841,822,1,27),(842,825,1,28),(843,828,1,32),(844,830,1,8),(845,831,1,21),(846,834,1,33),(847,837,1,23),(848,839,1,22),(849,841,1,41),(850,843,1,49),(851,845,1,15),(852,846,1,15),(853,848,1,49),(854,851,1,12),(855,854,1,29),(856,860,1,45),(857,873,1,17),(858,895,1,12),(859,899,1,34),(860,902,1,25),(861,904,1,29),(862,909,1,47),(863,915,1,35),(864,918,1,41),(865,923,1,12),(866,925,1,12),(867,927,1,39),(868,930,1,7),(869,957,1,28),(870,959,1,13),(871,962,1,32),(872,965,1,20),(873,968,1,26),(874,970,1,49),(875,973,1,22),(876,977,1,28),(877,980,1,16),(878,982,1,41),(879,984,1,33),(880,987,1,26),(881,992,1,18),(882,996,1,23),(883,1022,1,5),(884,1026,1,4),(885,1029,1,25),(886,1033,1,35),(887,1036,1,20),(888,1044,1,13),(889,1052,1,10),(890,1054,1,39),(891,1056,1,21),(892,1086,1,40),(893,1088,1,38),(894,1090,1,13),(895,1093,1,45),(896,1097,1,19),(897,1099,1,3),(898,1101,1,48),(899,1105,1,44),(900,1109,1,40),(901,1113,1,34),(902,1117,1,10),(903,1120,1,38),(904,1122,1,6),(905,503,1,13),(906,503,1,46),(907,508,1,6),(908,545,1,17),(909,551,1,15),(910,557,1,27),(911,564,1,24),(912,568,1,17),(913,572,1,36),(914,575,1,41),(915,579,1,33),(916,602,1,9),(917,608,1,25),(918,614,1,40),(919,642,1,40),(920,648,1,7),(921,653,1,29),(922,656,1,39),(923,660,1,17),(924,666,1,15),(925,673,1,41),(926,676,1,21),(927,678,1,12),(928,680,1,6),(929,682,1,32),(930,684,1,20),(931,688,1,35),(932,693,1,14),(933,705,1,46),(934,709,1,11),(935,712,1,19),(936,715,1,16),(937,720,1,42),(938,724,1,8),(939,729,1,43),(940,747,1,27),(941,752,1,23),(942,766,1,26),(943,771,1,32),(944,774,1,17),(945,776,1,7),(946,779,1,44),(947,782,1,42),(948,786,1,48),(949,789,1,9),(950,793,1,12),(951,797,1,20),(952,801,1,41),(953,805,1,4),(954,810,1,15),(955,815,1,19),(956,820,1,23),(957,826,1,27),(958,836,1,2),(959,850,1,40),(960,855,1,48),(961,861,1,1),(962,867,1,30),(963,874,1,26),(964,877,1,46),(965,879,1,50),(966,880,1,8),(967,882,1,35),(968,393,1,18),(969,396,1,3),(970,399,1,35),(971,402,1,42),(972,403,1,10),(973,406,1,6),(974,408,1,42),(975,410,1,17),(976,414,1,7),(977,417,1,37),(978,419,1,29),(979,422,1,34),(980,424,1,13),(981,427,1,34),(982,429,1,14),(983,429,1,47),(984,435,1,36),(985,438,1,23),(986,441,1,14),(987,443,1,1),(988,446,1,39),(989,448,1,37),(990,450,1,31),(991,453,1,13),(992,456,1,12),(993,461,1,41),(994,465,1,29),(995,470,1,49),(996,475,1,20),(997,480,1,23),(998,485,1,14),(999,491,1,36),(1000,495,1,26),(1001,500,1,29),(1002,502,1,28),(1003,509,1,28),(1004,514,1,43),(1005,518,1,33),(1006,526,1,30),(1007,531,1,33),(1008,536,1,22),(1009,541,1,49),(1010,547,1,21),(1011,553,1,39),(1012,559,1,30),(1013,565,1,44),(1014,569,1,46),(1015,569,1,44),(1016,588,1,35),(1017,592,1,7),(1018,597,1,14),(1019,603,1,48),(1020,609,1,15),(1021,618,1,15),(1022,623,1,14),(1023,628,1,26),(1024,633,1,24),(1025,635,1,30),(1026,637,1,46),(1027,640,1,29),(1028,646,1,42),(1029,652,1,25),(1030,657,1,20),(1031,662,1,48),(1032,665,1,29),(1033,668,1,23),(1034,674,1,37),(1035,703,1,24),(1036,708,1,17),(1037,714,1,19),(1038,718,1,32),(1039,723,1,11),(1040,728,1,47),(1041,733,1,49),(1042,738,1,50),(1043,755,1,3),(1044,781,1,19),(1045,785,1,21),(1046,814,1,10),(1047,821,1,48),(1048,840,1,31),(1049,842,1,37),(1050,844,1,38),(1051,856,1,35),(1052,862,1,31),(1053,866,1,5),(1054,872,1,31),(1055,878,1,17),(1056,883,1,34),(1057,885,1,29),(1058,893,1,22),(1059,901,1,30),(1060,905,1,20),(1061,908,1,14),(1062,1,1,22),(1063,911,1,8),(1064,917,1,27),(1065,921,1,41),(1066,926,1,21),(1067,932,1,45),(1068,937,1,40),(1069,941,1,45),(1070,946,1,32),(1071,951,1,49),(1072,969,1,39),(1073,974,1,23),(1074,976,1,40),(1075,979,1,29),(1076,981,1,30),(1077,991,1,3),(1078,998,1,42),(1079,1004,1,11),(1080,1007,1,16),(1081,1010,1,43),(1082,1015,1,15),(1083,1021,1,26),(1084,1025,1,50),(1085,1030,1,26),(1086,1035,1,44),(1087,1040,1,23),(1088,1045,1,34),(1089,1051,1,24),(1090,1067,1,3),(1091,1070,1,48),(1092,1072,1,41),(1093,1075,1,14),(1094,1077,1,6),(1095,1083,1,22),(1096,1124,1,28),(1097,1132,1,38),(1098,1154,1,27),(1099,1170,1,49),(1100,1173,1,45),(1101,1176,1,26),(1102,1181,1,15),(1103,1185,1,25),(1104,1187,1,47),(1105,1190,1,34),(1106,1194,1,13),(1107,1199,1,37),(1108,1205,1,28),(1109,1211,1,8),(1110,1216,1,2),(1111,1219,1,10),(1112,790,1,32),(1113,792,1,11),(1114,796,1,19),(1115,800,1,40),(1116,804,1,33),(1117,807,1,1),(1118,811,1,21),(1119,816,1,40),(1120,857,1,44),(1121,863,1,33),(1122,865,1,1),(1123,868,1,33),(1124,871,1,26),(1125,876,1,50),(1126,897,1,46),(1127,906,1,30),(1128,913,1,12),(1129,916,1,34),(1130,920,1,27),(1131,922,1,8),(1132,967,1,21),(1133,972,1,2),(1134,975,1,48),(1135,978,1,9),(1136,985,1,7),(1137,990,1,38),(1138,994,1,3),(1139,999,1,37),(1140,1002,1,2),(1141,1005,1,30),(1142,1008,1,31),(1143,1019,1,16),(1144,1024,1,39),(1145,1027,1,49),(1146,1031,1,7),(1147,1034,1,24),(1148,1037,1,31),(1149,1039,1,49),(1150,1041,1,12),(1151,1042,1,48),(1152,1046,1,4),(1153,1049,1,28),(1154,1058,1,19),(1155,1060,1,11),(1156,1061,1,34),(1157,1064,1,45),(1158,1079,1,15),(1159,1082,1,32),(1160,1085,1,4),(1161,1095,1,34),(1162,1103,1,17),(1163,1107,1,36),(1164,1111,1,49),(1165,1115,1,36),(1166,1119,1,18),(1167,1121,1,1),(1168,1123,1,44),(1169,1126,1,7),(1170,1127,1,38),(1171,1128,1,9),(1172,1129,1,27),(1173,1131,1,34),(1174,1133,1,16),(1175,1136,1,32),(1176,1138,1,49),(1177,1141,1,17),(1178,1143,1,28),(1179,1144,1,33),(1180,1146,1,18),(1181,1153,1,42),(1182,1156,1,2),(1183,1159,1,2),(1184,1161,1,37),(1185,1163,1,20),(1186,1165,1,32),(1187,1167,1,28),(1188,1171,1,40),(1189,1177,1,25),(1190,1180,1,8),(1191,1184,1,33),(1192,1188,1,12),(1193,1191,1,14),(1194,1195,1,27),(1195,1198,1,34),(1196,1203,1,3),(1197,1209,1,26),(1198,1215,1,31),(1199,1218,1,22),(1200,1222,1,34),(1201,1224,1,21),(1202,1226,1,27),(1203,1228,1,49),(1204,1231,1,48),(1205,1234,1,29),(1206,1252,1,20),(1207,1258,1,40),(1208,1268,1,16),(1209,1281,1,18),(1210,1291,1,40),(1211,1309,1,38),(1212,1313,1,7),(1213,1318,1,24),(1214,1324,1,14),(1215,1350,1,27),(1216,1356,1,18),(1217,1366,1,46),(1218,1371,1,35),(1219,1377,1,47),(1220,1382,1,18),(1221,1385,1,49),(1222,1390,1,30),(1223,1395,1,43),(1224,1437,1,24),(1225,1439,1,16),(1226,1441,1,2),(1227,1443,1,44),(1228,1443,1,13),(1229,1447,1,31),(1230,1449,1,31),(1231,1451,1,20),(1232,1453,1,33),(1233,1472,1,19),(1234,1476,1,15),(1235,1480,1,31),(1236,1483,1,17),(1237,1487,1,40),(1238,1492,1,25),(1239,1496,1,9),(1240,1500,1,41),(1241,1504,1,3),(1242,1507,1,45),(1243,888,1,31),(1244,892,1,17),(1245,896,1,40),(1246,907,1,28),(1247,912,1,38),(1248,931,1,9),(1249,935,1,33),(1250,938,1,2),(1251,942,1,16),(1252,945,1,36),(1253,949,1,34),(1254,952,1,44),(1255,955,1,46),(1256,961,1,23),(1257,988,1,17),(1258,997,1,35),(1259,1003,1,14),(1260,1009,1,43),(1261,1012,1,8),(1262,1016,1,22),(1263,1020,1,41),(1264,1050,1,19),(1265,1063,1,9),(1266,1068,1,49),(1267,1071,1,22),(1268,1074,1,48),(1269,1078,1,4),(1270,1084,1,39),(1271,1089,1,18),(1272,1092,1,42),(1273,1096,1,37),(1274,1100,1,28),(1275,1104,1,1),(1276,1108,1,2),(1277,1112,1,34),(1278,1116,1,21),(1279,1142,1,8),(1280,1147,1,1),(1281,1152,1,19),(1282,1172,1,8),(1283,1201,1,46),(1284,1207,1,22),(1285,1213,1,7),(1286,1239,1,28),(1287,1242,1,27),(1288,1244,1,8),(1289,1247,1,42),(1290,1251,1,19),(1291,1256,1,33),(1292,1262,1,26),(1293,1265,1,11),(1294,1270,1,9),(1295,1274,1,12),(1296,1278,1,42),(1297,1282,1,50),(1298,1287,1,5),(1299,1292,1,21),(1300,1296,1,35),(1301,1299,1,15),(1302,1301,1,8),(1303,1302,1,44),(1304,1304,1,37),(1305,1306,1,29),(1306,1310,1,17),(1307,1316,1,21),(1308,1319,1,49),(1309,1322,1,46),(1310,1325,1,3),(1311,1327,1,13),(1312,1330,1,30),(1313,1338,1,28),(1314,1342,1,15),(1315,1347,1,45),(1316,1352,1,31),(1317,1358,1,13),(1318,1363,1,6),(1319,1367,1,13),(1320,1373,1,34),(1321,1380,1,6),(1322,1393,1,8),(1323,1396,1,19),(1324,1399,1,17),(1325,1403,1,1),(1326,1406,1,3),(1327,1410,1,31),(1328,1413,1,36),(1329,1417,1,34),(1330,1420,1,28),(1331,1425,1,49),(1332,1427,1,30),(1333,1430,1,47),(1334,1454,1,50),(1335,1456,1,3),(1336,1458,1,28),(1337,1460,1,26),(1338,1462,1,48),(1339,1464,1,45),(1340,1466,1,36),(1341,1468,1,42),(1342,1471,1,33),(1343,1479,1,28),(1344,1484,1,41),(1345,1488,1,24),(1346,1490,1,16),(1347,1491,1,27),(1348,1495,1,34),(1349,1499,1,36),(1350,1503,1,25),(1351,1512,1,27),(1352,1513,1,9),(1353,1514,1,10),(1354,1515,1,43),(1355,1517,1,30),(1356,1520,1,6),(1357,1524,1,25),(1358,1528,1,27),(1359,1532,1,26),(1360,1538,1,4),(1361,1542,1,45),(1362,1547,1,38),(1363,1551,1,13),(1364,1561,1,34),(1365,1565,1,28),(1366,1569,1,46),(1367,1573,1,15),(1368,1573,1,18),(1369,1581,1,11),(1370,1585,1,2),(1371,1589,1,22),(1372,1593,1,46),(1373,1629,1,34),(1374,1631,1,36),(1375,1633,1,39),(1376,1635,1,27),(1377,1638,1,11),(1378,1640,1,48),(1379,1644,1,20),(1380,1232,1,14),(1381,1238,1,30),(1382,1243,1,13),(1383,1248,1,4),(1384,1263,1,4),(1385,1266,1,4),(1386,1269,1,40),(1387,1272,1,23),(1388,1275,1,44),(1389,1277,1,1),(1390,1293,1,49),(1391,1295,1,26),(1392,1298,1,2),(1393,1300,1,15),(1394,1300,1,43),(1395,1308,1,22),(1396,1311,1,3),(1397,1329,1,29),(1398,1331,1,43),(1399,1334,1,25),(1400,1336,1,19),(1401,1339,1,27),(1402,1343,1,44),(1403,1348,1,17),(1404,1354,1,6),(1405,1360,1,32),(1406,1365,1,33),(1407,1372,1,22),(1408,1378,1,19),(1409,1383,1,7),(1410,1387,1,11),(1411,1394,1,49),(1412,1400,1,28),(1413,1404,1,24),(1414,1409,1,31),(1415,1414,1,19),(1416,1419,1,34),(1417,1419,1,4),(1418,1426,1,40),(1419,1429,1,42),(1420,1433,1,30),(1421,1435,1,17),(1422,1769,1,22),(1423,1776,1,39),(1424,1779,1,43),(1425,1783,1,6),(1426,1788,1,19),(1427,1791,1,25),(1428,1795,1,11),(1429,1800,1,20),(1430,1806,1,26),(1431,1811,1,38),(1432,1815,1,41),(1433,1820,1,3),(1434,1825,1,29),(1435,1830,1,50),(1436,1836,1,27),(1437,1840,1,43),(1438,1846,1,42),(1439,1852,1,31),(1440,1856,1,3),(1441,1861,1,27),(1442,1867,1,2),(1443,1873,1,21),(1444,1879,1,25),(1445,1886,1,22),(1446,1134,1,2),(1447,1137,1,29),(1448,1139,1,36),(1449,1150,1,36),(1450,1155,1,19),(1451,1158,1,8),(1452,1160,1,14),(1453,1162,1,44),(1454,1164,1,29),(1455,1166,1,49),(1456,1168,1,11),(1457,1174,1,45),(1458,1179,1,48),(1459,1182,1,50),(1460,1186,1,32),(1461,1189,1,35),(1462,1193,1,41),(1463,1196,1,13),(1464,1200,1,28),(1465,1206,1,46),(1466,1212,1,25),(1467,1217,1,43),(1468,1220,1,12),(1469,1223,1,46),(1470,1225,1,31),(1471,1227,1,45),(1472,1229,1,33),(1473,1233,1,24),(1474,1237,1,16),(1475,1255,1,28),(1476,1261,1,37),(1477,1271,1,29),(1478,1285,1,48),(1479,1307,1,28),(1480,1312,1,26),(1481,1315,1,27),(1482,1321,1,18),(1483,1328,1,22),(1484,1353,1,8),(1485,1359,1,10),(1486,1368,1,5),(1487,1374,1,21),(1488,1379,1,41),(1489,1384,1,29),(1490,1388,1,24),(1491,1392,1,20),(1492,1398,1,29),(1493,1438,1,46),(1494,1440,1,42),(1495,1442,1,29),(1496,1444,1,17),(1497,1446,1,43),(1498,1448,1,42),(1499,1450,1,31),(1500,1452,1,27),(1501,1470,1,17),(1502,1474,1,43),(1503,1478,1,32),(1504,1482,1,20),(1505,1485,1,2),(1506,1489,1,2),(1507,1494,1,13),(1508,1498,1,25),(1509,1502,1,33),(1510,1505,1,32),(1511,890,1,7),(1512,890,1,6),(1513,894,1,19),(1514,900,1,27),(1515,910,1,35),(1516,928,1,15),(1517,933,1,40),(1518,936,1,6),(1519,940,1,23),(1520,943,1,6),(1521,947,1,33),(1522,950,1,19),(1523,953,1,18),(1524,958,1,12),(1525,964,1,8),(1526,995,1,47),(1527,1000,1,2),(1528,1006,1,6),(1529,1011,1,34),(1530,1014,1,23),(1531,1017,1,39),(1532,1047,1,31),(1533,1053,1,26),(1534,1066,1,24),(1535,1069,1,27),(1536,1073,1,26),(1537,1076,1,31),(1538,1081,1,34),(1539,1087,1,46),(1540,1091,1,37),(1541,1094,1,6),(1542,1098,1,25),(1543,1102,1,41),(1544,1106,1,39),(1545,1110,1,42),(1546,1114,1,33),(1547,1140,1,29),(1548,1145,1,11),(1549,1149,1,1),(1550,1169,1,5),(1551,1175,1,2),(1552,1204,1,21),(1553,1210,1,44),(1554,1236,1,8),(1555,1240,1,22),(1556,1245,1,48),(1557,1249,1,9),(1558,1253,1,49),(1559,1259,1,23),(1560,1264,1,34),(1561,1267,1,36),(1562,1273,1,6),(1563,1273,1,16),(1564,1279,1,24),(1565,1284,1,41),(1566,1289,1,21),(1567,1294,1,18),(1568,1297,1,22),(1569,1332,1,32),(1570,1332,1,49),(1571,1335,1,14),(1572,1337,1,32),(1573,1340,1,6),(1574,1344,1,30),(1575,1345,1,24),(1576,1349,1,38),(1577,1355,1,48),(1578,1361,1,39),(1579,1364,1,7),(1580,1370,1,6),(1581,1376,1,16),(1582,1389,1,40),(1583,1401,1,36),(1584,1405,1,7),(1585,1408,1,41),(1586,1412,1,12),(1587,1415,1,4),(1588,1418,1,47),(1589,1423,1,35),(1590,1432,1,2),(1591,1455,1,2),(1592,1457,1,24),(1593,1459,1,37),(1594,1461,1,38),(1595,1463,1,32),(1596,1465,1,48),(1597,1467,1,48),(1598,1469,1,41),(1599,1473,1,45),(1600,1475,1,11),(1601,1477,1,22),(1602,1481,1,40),(1603,1486,1,22),(1604,1493,1,15),(1605,1497,1,5),(1606,1501,1,11),(1607,1506,1,23),(1608,1508,1,13),(1609,1510,1,11),(1610,1511,1,33),(1611,1516,1,48),(1612,1518,1,47),(1613,1522,1,42),(1614,1522,1,28),(1615,1530,1,33),(1616,1534,1,20),(1617,1536,1,3),(1618,1540,1,2),(1619,1545,1,31),(1620,1549,1,48),(1621,1553,1,1),(1622,1555,1,9),(1623,1557,1,32),(1624,1559,1,38),(1625,1563,1,48),(1626,1567,1,8),(1627,1571,1,45),(1628,1575,1,14),(1629,1579,1,32),(1630,1583,1,18),(1631,1587,1,16),(1632,1591,1,11),(1633,1595,1,19),(1634,1597,1,21),(1635,1599,1,9),(1636,1601,1,37),(1637,1602,1,20),(1638,1603,1,49),(1639,1604,1,48),(1640,1605,1,32),(1641,1606,1,37),(1642,1607,1,29),(1643,1607,1,29),(1644,1611,1,50),(1645,1613,1,2),(1646,1613,1,41),(1647,1617,1,5),(1648,1619,1,38),(1649,1621,1,21),(1650,1623,1,11),(1651,1623,1,42),(1652,1627,1,26),(1653,1642,1,38),(1654,1230,1,31),(1655,1235,1,8),(1656,1241,1,47),(1657,1246,1,25),(1658,1250,1,42),(1659,1254,1,17),(1660,1257,1,28),(1661,1260,1,18),(1662,1280,1,50),(1663,1280,1,30),(1664,1286,1,1),(1665,1288,1,15),(1666,1290,1,42),(1667,1305,1,21),(1668,1314,1,1),(1669,1317,1,8),(1670,1320,1,50),(1671,1323,1,28),(1672,1326,1,50),(1673,1341,1,36),(1674,1346,1,15),(1675,1351,1,49),(1676,1357,1,37),(1677,1362,1,37),(1678,1369,1,49),(1679,1375,1,49),(1680,1381,1,17),(1681,1386,1,22),(1682,1391,1,16),(1683,1397,1,31),(1684,1402,1,8),(1685,1407,1,45),(1686,1411,1,49),(1687,1416,1,14),(1688,1421,1,8),(1689,1424,1,43),(1690,1428,1,6),(1691,1431,1,9),(1692,1434,1,38),(1693,1436,1,28),(1694,1774,1,38),(1695,1778,1,18),(1696,1781,1,28),(1697,1785,1,10),(1698,1790,1,28),(1699,1793,1,9),(1700,1797,1,38),(1701,1802,1,29),(1702,1809,1,16),(1703,1809,1,49),(1704,1818,1,39),(1705,1822,1,9),(1706,1827,1,18),(1707,1832,1,26),(1708,1838,1,35),(1709,1843,1,19),(1710,1849,1,17),(1711,1854,1,41),(1712,1859,1,2),(1713,1863,1,10),(1714,1870,1,27),(1715,1876,1,39),(1716,1881,1,50),(1717,1888,1,8),(1718,1892,1,47),(1719,1894,1,18),(1720,1896,1,10),(1721,1898,1,39),(1722,1900,1,31),(1723,1902,1,23),(1724,1904,1,44),(1725,1914,1,3),(1726,1918,1,4),(1727,1922,1,38),(1728,1920,1,31),(1729,1924,1,49),(1730,1926,1,24),(1731,1928,1,20),(1732,1930,1,43),(1733,1932,1,15),(1734,1934,1,38),(1735,1936,1,13),(1736,1938,1,44),(1737,1940,1,45),(1738,1941,1,26),(1739,1943,1,1),(1740,1945,1,42),(1741,1948,1,25),(1742,1950,1,21),(1743,1952,1,40),(1744,1954,1,10),(1745,1956,1,16),(1746,1958,1,41),(1747,1960,1,14),(1748,1962,1,31),(1749,1964,1,27),(1750,1965,1,6),(1751,1967,1,34),(1752,1969,1,30),(1753,1976,1,19),(1754,1980,1,36),(1755,1986,1,18),(1756,1988,1,10),(1757,1993,1,28),(1758,1995,1,49),(1759,1997,1,44),(1760,1999,1,23),(1761,2001,1,40),(1762,2003,1,7),(1763,2004,1,20),(1764,2006,1,17),(1765,2007,1,3),(1766,2011,1,36),(1767,2015,1,4),(1768,2019,1,40),(1769,2023,1,32),(1770,2027,1,28),(1771,2032,1,5),(1772,2036,1,2),(1773,2045,1,23),(1774,2049,1,28),(1775,2053,1,11),(1776,2057,1,11),(1777,2059,1,12),(1778,2063,1,6),(1779,2066,1,33),(1780,2073,1,6),(1781,2078,1,4),(1782,2124,1,3),(1783,2126,1,43),(1784,2129,1,47),(1785,2131,1,24),(1786,2133,1,27),(1787,2135,1,30),(1788,2137,1,6),(1789,2139,1,28),(1790,2141,1,47),(1791,2143,1,8),(1792,2145,1,38),(1793,2147,1,15),(1794,2149,1,5),(1795,2151,1,19),(1796,2153,1,34),(1797,2155,1,36),(1798,2157,1,25),(1799,2158,1,9),(1800,2160,1,6),(1801,2162,1,31),(1802,2164,1,13),(1803,2166,1,40),(1804,2168,1,41),(1805,2170,1,24),(1806,2172,1,27),(1807,1521,1,5),(1808,1525,1,41),(1809,1529,1,40),(1810,1535,1,50),(1811,1535,1,34),(1812,1539,1,23),(1813,1543,1,45),(1814,1546,1,34),(1815,1550,1,29),(1816,1554,1,27),(1817,1558,1,6),(1818,1562,1,5),(1819,1566,1,11),(1820,1570,1,42),(1821,1574,1,27),(1822,1578,1,33),(1823,1582,1,9),(1824,1586,1,38),(1825,1590,1,18),(1826,1594,1,32),(1827,1598,1,7),(1828,1608,1,9),(1829,1610,1,16),(1830,1614,1,38),(1831,1618,1,18),(1832,1622,1,17),(1833,1626,1,11),(1834,1630,1,32),(1835,1634,1,21),(1836,1637,1,22),(1837,1641,1,41),(1838,1645,1,38),(1839,1648,1,3),(1840,1650,1,8),(1841,1652,1,44),(1842,1654,1,23),(1843,1654,1,13),(1844,1658,1,49),(1845,1660,1,30),(1846,1662,1,42),(1847,1664,1,26),(1848,1666,1,15),(1849,1668,1,22),(1850,1670,1,29),(1851,1672,1,29),(1852,1674,1,34),(1853,1676,1,11),(1854,1678,1,14),(1855,1678,1,31),(1856,1684,1,36),(1857,1688,1,49),(1858,1692,1,36),(1859,1696,1,11),(1860,1700,1,38),(1861,1704,1,30),(1862,1708,1,12),(1863,1712,1,23),(1864,1716,1,39),(1865,1720,1,46),(1866,1724,1,24),(1867,1724,1,31),(1868,1732,1,5),(1869,1734,1,16),(1870,1736,1,24),(1871,1736,1,24),(1872,1740,1,25),(1873,1742,1,28),(1874,1744,1,49),(1875,1746,1,29),(1876,1748,1,16),(1877,1750,1,37),(1878,1752,1,5),(1879,1752,1,24),(1880,1756,1,36),(1881,1756,1,43),(1882,1756,1,2),(1883,1756,1,24),(1884,1756,1,19),(1885,1766,1,11),(1886,1768,1,39),(1887,1771,1,31),(1888,1773,1,28),(1889,1777,1,18),(1890,1782,1,8),(1891,1786,1,6),(1892,1789,1,38),(1893,1794,1,33),(1894,1798,1,35),(1895,1804,1,36),(1896,1834,1,39),(1897,1839,1,26),(1898,1844,1,5),(1899,1866,1,40),(1900,1872,1,25),(1901,1877,1,7),(1902,1880,1,15),(1903,2239,1,42),(1904,2241,1,47),(1905,2243,1,18),(1906,2245,1,41),(1907,2247,1,30),(1908,2249,1,22),(1909,2251,1,34),(1910,2253,1,49),(1911,2253,1,50),(1912,2257,1,21),(1913,2259,1,10),(1914,2261,1,13),(1915,2263,1,39),(1916,2265,1,38),(1917,2267,1,49),(1918,2269,1,33),(1919,2271,1,10),(1920,2273,1,42),(1921,2275,1,20),(1922,2278,1,3),(1923,2280,1,42),(1924,2281,1,16),(1925,2283,1,43),(1926,2285,1,7),(1927,2287,1,14),(1928,2289,1,15),(1929,2291,1,33),(1930,2293,1,13),(1931,2295,1,32),(1932,2297,1,26),(1933,2299,1,37),(1934,2301,1,2),(1935,2303,1,19),(1936,2305,1,24),(1937,1680,1,34),(1938,1685,1,30),(1939,1689,1,30),(1940,1693,1,48),(1941,1697,1,31),(1942,1701,1,7),(1943,1705,1,43),(1944,1709,1,31),(1945,1713,1,26),(1946,1717,1,43),(1947,1721,1,1),(1948,1725,1,31),(1949,1729,1,41),(1950,1799,1,37),(1951,1805,1,2),(1952,1810,1,43),(1953,1814,1,15),(1954,1817,1,26),(1955,1821,1,37),(1956,1824,1,35),(1957,1828,1,2),(1958,1831,1,17),(1959,1835,1,6),(1960,1845,1,29),(1961,1850,1,21),(1962,1853,1,28),(1963,1857,1,2),(1964,1860,1,20),(1965,1864,1,8),(1966,1868,1,34),(1967,1874,1,50),(1968,1883,1,17),(1969,1885,1,35),(1970,1889,1,7),(1971,1891,1,11),(1972,1891,1,36),(1973,1891,1,43),(1974,1903,1,5),(1975,1906,1,8),(1976,1908,1,1),(1977,1910,1,38),(1978,1912,1,36),(1979,1915,1,21),(1980,1917,1,42),(1981,1921,1,16),(1982,1925,1,24),(1983,1929,1,26),(1984,1933,1,6),(1985,1937,1,21),(1986,1942,1,28),(1987,1944,1,25),(1988,1946,1,5),(1989,1947,1,46),(1990,1949,1,24),(1991,1951,1,50),(1992,1953,1,5),(1993,1955,1,19),(1994,1957,1,38),(1995,1959,1,7),(1996,1961,1,42),(1997,2009,1,20),(1998,2013,1,34),(1999,2017,1,18),(2000,2021,1,25),(2001,2025,1,17),(2002,2030,1,22),(2003,2034,1,27),(2004,2042,1,35),(2005,2047,1,24),(2006,2051,1,49),(2007,2055,1,24),(2008,2058,1,50),(2009,2061,1,46),(2010,2065,1,26),(2011,2072,1,7),(2012,2076,1,42),(2013,2080,1,46),(2014,2082,1,14),(2015,2084,1,47),(2016,2086,1,50),(2017,2088,1,26),(2018,2090,1,16),(2019,2092,1,22),(2020,2094,1,23),(2021,2096,1,42),(2022,2098,1,9),(2023,2112,1,44),(2024,2114,1,46),(2025,2116,1,42),(2026,2117,1,36),(2027,2118,1,36),(2028,2119,1,30),(2029,2120,1,17),(2030,2121,1,26),(2031,2122,1,14),(2032,2123,1,22),(2033,2125,1,25),(2034,2127,1,6),(2035,2128,1,26),(2036,2130,1,49),(2037,2132,1,50),(2038,2134,1,34),(2039,2136,1,14),(2040,2138,1,44),(2041,2140,1,19),(2042,2142,1,36),(2043,2144,1,39),(2044,2146,1,9),(2045,2148,1,41),(2046,2150,1,6),(2047,2152,1,3),(2048,2154,1,34),(2049,2156,1,4),(2050,2159,1,22),(2051,2161,1,4),(2052,2163,1,41),(2053,2165,1,28),(2054,2167,1,35),(2055,2169,1,22),(2056,2171,1,1),(2057,1519,1,7),(2058,1523,1,14),(2059,1527,1,41),(2060,1531,1,13),(2061,1533,1,28),(2062,1533,1,24),(2063,1541,1,20),(2064,1544,1,15),(2065,1548,1,34),(2066,1552,1,42),(2067,1556,1,34),(2068,1560,1,6),(2069,1564,1,28),(2070,1568,1,9),(2071,1572,1,33),(2072,1576,1,27),(2073,1580,1,24),(2074,1584,1,31),(2075,1588,1,48),(2076,1592,1,24),(2077,1596,1,7),(2078,1600,1,28),(2079,1612,1,41),(2080,1616,1,12),(2081,1620,1,1),(2082,1624,1,43),(2083,1628,1,45),(2084,1632,1,34),(2085,1636,1,31),(2086,1639,1,20),(2087,1643,1,48),(2088,1646,1,9),(2089,1647,1,28),(2090,1649,1,26),(2091,1651,1,26),(2092,1653,1,11),(2093,1655,1,35),(2094,1657,1,34),(2095,1659,1,49),(2096,1661,1,3),(2097,1663,1,31),(2098,1665,1,12),(2099,1667,1,48),(2100,1669,1,37),(2101,1671,1,7),(2102,1673,1,8),(2103,1675,1,15),(2104,1677,1,18),(2105,1679,1,18),(2106,1682,1,36),(2107,1686,1,26),(2108,1690,1,24),(2109,1694,1,7),(2110,1698,1,42),(2111,1702,1,20),(2112,1706,1,13),(2113,1710,1,25),(2114,1714,1,34),(2115,1718,1,21),(2116,1722,1,39),(2117,1726,1,31),(2118,1730,1,24),(2119,1733,1,14),(2120,1735,1,43),(2121,1737,1,7),(2122,1739,1,14),(2123,1741,1,5),(2124,1743,1,50),(2125,1745,1,46),(2126,1747,1,14),(2127,1749,1,7),(2128,1751,1,10),(2129,1753,1,25),(2130,1755,1,46),(2131,1757,1,49),(2132,1759,1,18),(2133,1761,1,7),(2134,1764,1,40),(2135,1765,1,31),(2136,1767,1,12),(2137,1770,1,2),(2138,1772,1,20),(2139,1775,1,29),(2140,1780,1,28),(2141,1784,1,2),(2142,1787,1,14),(2143,1792,1,21),(2144,1796,1,14),(2145,1801,1,8),(2146,1807,1,17),(2147,1837,1,21),(2148,1841,1,46),(2149,1847,1,48),(2150,1847,1,45),(2151,1875,1,12),(2152,1878,1,26),(2153,2238,1,50),(2154,2240,1,49),(2155,2242,1,20),(2156,2244,1,34),(2157,2246,1,31),(2158,2248,1,8),(2159,2250,1,9),(2160,2252,1,20),(2161,2254,1,2),(2162,2256,1,39),(2163,2258,1,19),(2164,2260,1,23),(2165,2262,1,11),(2166,2264,1,48),(2167,2266,1,12),(2168,2268,1,49),(2169,2270,1,40),(2170,2272,1,39),(2171,2274,1,2),(2172,2276,1,14),(2173,2277,1,34),(2174,2279,1,46),(2175,2282,1,26),(2176,2284,1,43),(2177,2286,1,25),(2178,2288,1,5),(2179,2290,1,27),(2180,2292,1,17),(2181,2294,1,40),(2182,2296,1,34),(2183,2298,1,10),(2184,2300,1,1),(2185,2302,1,33),(2186,2304,1,23),(2187,2306,1,19),(2188,1683,1,39),(2189,1687,1,22),(2190,1691,1,30),(2191,1695,1,11),(2192,1699,1,31),(2193,1703,1,7),(2194,1707,1,32),(2195,1711,1,24),(2196,1715,1,42),(2197,1719,1,15),(2198,1723,1,20),(2199,1727,1,33),(2200,1731,1,49),(2201,1803,1,35),(2202,1808,1,43),(2203,1812,1,19),(2204,1816,1,14),(2205,1819,1,41),(2206,1819,1,26),(2207,1826,1,2),(2208,1829,1,38),(2209,1833,1,25),(2210,1842,1,36),(2211,1848,1,2),(2212,1851,1,1),(2213,1855,1,9),(2214,1858,1,14),(2215,1862,1,41),(2216,1865,1,20),(2217,1871,1,47),(2218,1882,1,20),(2219,1884,1,1),(2220,1887,1,8),(2221,1887,1,27),(2222,1893,1,16),(2223,1897,1,5),(2224,1901,1,23),(2225,1905,1,30),(2226,1907,1,46),(2227,1909,1,14),(2228,1911,1,8),(2229,1913,1,46),(2230,1916,1,25),(2231,1919,1,15),(2232,1923,1,48),(2233,1927,1,23),(2234,1931,1,40),(2235,1935,1,29),(2236,1939,1,26),(2237,1963,1,20),(2238,1966,1,31),(2239,1968,1,5),(2240,1970,1,12),(2241,1972,1,28),(2242,1974,1,18),(2243,1977,1,46),(2244,1979,1,25),(2245,1982,1,25),(2246,1984,1,21),(2247,1987,1,12),(2248,1990,1,44),(2249,1992,1,38),(2250,1996,1,35),(2251,2000,1,17),(2252,2005,1,19),(2253,2010,1,3),(2254,2014,1,38),(2255,2018,1,26),(2256,2022,1,29),(2257,2026,1,8),(2258,2029,1,43),(2259,2033,1,26),(2260,2037,1,37),(2261,2037,1,37),(2262,2041,1,1),(2263,2044,1,26),(2264,2048,1,7),(2265,2054,1,25),(2266,1971,1,35),(2267,1973,1,18),(2268,1975,1,27),(2269,1978,1,8),(2270,1981,1,49),(2271,1983,1,40),(2272,1985,1,43),(2273,1989,1,29),(2274,1991,1,43),(2275,1994,1,2),(2276,1998,1,36),(2277,2002,1,7),(2278,2008,1,49),(2279,2012,1,13),(2280,2016,1,3),(2281,2020,1,21),(2282,2024,1,16),(2283,2028,1,44),(2284,2031,1,8),(2285,2035,1,42),(2286,2038,1,35),(2287,2040,1,19),(2288,2043,1,32),(2289,2046,1,40),(2290,2050,1,34),(2291,2052,1,7),(2292,2056,1,38),(2293,2060,1,20),(2294,2062,1,11),(2295,2062,1,13),(2296,2067,1,32),(2297,2069,1,20),(2298,2071,1,18),(2299,2075,1,34),(2300,2079,1,8),(2301,2083,1,28),(2302,2083,1,13),(2303,2334,1,38),(2304,2339,1,17),(2305,2345,1,23),(2306,2348,1,3),(2307,2350,1,41),(2308,2352,1,18),(2309,2354,1,25),(2310,2356,1,9),(2311,2358,1,2),(2312,2360,1,21),(2313,2362,1,3),(2314,2364,1,9),(2315,2366,1,9),(2316,2368,1,9),(2317,2370,1,23),(2318,2372,1,44),(2319,2374,1,23),(2320,2376,1,12),(2321,2378,1,11),(2322,2380,1,13),(2323,2382,1,48),(2324,2384,1,24),(2325,2386,1,26),(2326,2388,1,13),(2327,2390,1,31),(2328,2391,1,1),(2329,2393,1,15),(2330,2395,1,22),(2331,2397,1,20),(2332,2399,1,20),(2333,2401,1,45),(2334,2403,1,44),(2335,2405,1,45),(2336,2407,1,38),(2337,2175,1,32),(2338,2175,1,28),(2339,2179,1,50),(2340,2181,1,8),(2341,2183,1,2),(2342,2185,1,9),(2343,2188,1,43),(2344,2190,1,5),(2345,2191,1,18),(2346,2193,1,27),(2347,2195,1,35),(2348,2198,1,2),(2349,2200,1,26),(2350,2202,1,9),(2351,2204,1,14),(2352,2206,1,13),(2353,2208,1,31),(2354,2210,1,47),(2355,2212,1,30),(2356,2214,1,41),(2357,2216,1,4),(2358,2217,1,33),(2359,2218,1,40),(2360,2219,1,9),(2361,2220,1,45),(2362,2221,1,42),(2363,2222,1,18),(2364,2223,1,29),(2365,2224,1,30),(2366,2224,1,11),(2367,2226,1,20),(2368,2227,1,48),(2369,2228,1,7),(2370,2229,1,32),(2371,2231,1,29),(2372,2233,1,36),(2373,2235,1,41),(2374,2237,1,35),(2375,2504,1,10),(2376,2508,1,39),(2377,2512,1,27),(2378,2516,1,19),(2379,2547,1,46),(2380,2549,1,32),(2381,2551,1,49),(2382,2553,1,43),(2383,2555,1,13),(2384,2557,1,22),(2385,2559,1,38),(2386,2561,1,26),(2387,2563,1,30),(2388,2565,1,14),(2389,2567,1,44),(2390,2569,1,16),(2391,2570,1,18),(2392,2571,1,21),(2393,2572,1,24),(2394,2573,1,17),(2395,2574,1,25),(2396,2575,1,37),(2397,2576,1,47),(2398,2577,1,50),(2399,2578,1,48),(2400,2579,1,12),(2401,2580,1,26),(2402,2581,1,23),(2403,2582,1,12),(2404,2583,1,21),(2405,2585,1,7),(2406,2586,1,49),(2407,2588,1,2),(2408,2590,1,50),(2409,2591,1,25),(2410,2592,1,10),(2411,2593,1,34),(2412,2595,1,28),(2413,2596,1,3),(2414,2598,1,2),(2415,2599,1,3),(2416,2601,1,5),(2417,2603,1,11),(2418,2605,1,31),(2419,2607,1,43),(2420,2610,1,45),(2421,2611,1,22),(2422,2612,1,21),(2423,2613,1,31),(2424,2614,1,46),(2425,2615,1,9),(2426,2617,1,22),(2427,2619,1,22),(2428,2621,1,11),(2429,2625,1,42),(2430,2627,1,49),(2431,2633,1,19),(2432,2635,1,12),(2433,2637,1,22),(2434,2639,1,25),(2435,2641,1,40),(2436,2642,1,31),(2437,2643,1,25),(2438,2646,1,4),(2439,2648,1,23),(2440,2650,1,33),(2441,2652,1,18),(2442,2654,1,3),(2443,2656,1,37),(2444,2657,1,46),(2445,2658,1,10),(2446,2660,1,26),(2447,2662,1,13),(2448,2664,1,12),(2449,2666,1,44),(2450,2667,1,11),(2451,2668,1,17),(2452,2670,1,36),(2453,2672,1,49),(2454,2674,1,49),(2455,2676,1,19),(2456,2678,1,10),(2457,2680,1,37),(2458,2685,1,27),(2459,2686,1,5),(2460,2688,1,32),(2461,2690,1,50),(2462,2692,1,39),(2463,2694,1,12),(2464,2695,1,7),(2465,2696,1,13),(2466,2699,1,12),(2467,2701,1,2),(2468,2702,1,4),(2469,2704,1,34),(2470,2706,1,14),(2471,2707,1,23),(2472,2709,1,34),(2473,2711,1,4),(2474,2713,1,38),(2475,2714,1,37),(2476,2715,1,17),(2477,2716,1,10),(2478,2717,1,42),(2479,2719,1,10),(2480,2721,1,44),(2481,2723,1,39),(2482,2308,1,26),(2483,2310,1,44),(2484,2312,1,11),(2485,2314,1,39),(2486,2319,1,13),(2487,2321,1,43),(2488,2323,1,3),(2489,2325,1,9),(2490,2327,1,12),(2491,2329,1,40),(2492,2331,1,1),(2493,2333,1,13),(2494,2337,1,7),(2495,2340,1,47),(2496,2346,1,6),(2497,2394,1,47),(2498,2398,1,4),(2499,2400,1,36),(2500,2402,1,37),(2501,2406,1,16),(2502,2410,1,42),(2503,2412,1,1),(2504,2414,1,1),(2505,2418,1,27),(2506,2422,1,19),(2507,2430,1,9),(2508,2433,1,15),(2509,2435,1,44),(2510,2437,1,27),(2511,2439,1,8),(2512,2441,1,24),(2513,2446,1,2),(2514,2448,1,47),(2515,2450,1,25),(2516,2452,1,13),(2517,2454,1,35),(2518,2456,1,35),(2519,2458,1,44),(2520,2460,1,36),(2521,2465,1,48),(2522,2468,1,1),(2523,2469,1,18),(2524,2470,1,4),(2525,2473,1,14),(2526,2474,1,13),(2527,2476,1,48),(2528,2477,1,47),(2529,2477,1,5),(2530,2480,1,27),(2531,2482,1,45),(2532,2483,1,33),(2533,2485,1,24),(2534,2491,1,46),(2535,2494,1,22),(2536,2495,1,47),(2537,2497,1,32),(2538,2498,1,2),(2539,2500,1,43),(2540,2501,1,25),(2541,2503,1,34),(2542,2068,1,32),(2543,2070,1,35),(2544,2074,1,42),(2545,2077,1,13),(2546,2081,1,24),(2547,2085,1,34),(2548,2089,1,5),(2549,2091,1,1),(2550,2093,1,2),(2551,2095,1,17),(2552,2097,1,4),(2553,2099,1,16),(2554,2100,1,7),(2555,2101,1,34),(2556,2102,1,1),(2557,2103,1,15),(2558,2104,1,24),(2559,2105,1,18),(2560,2106,1,48),(2561,2107,1,31),(2562,2108,1,38),(2563,2109,1,23),(2564,2110,1,7),(2565,2111,1,31),(2566,2113,1,44),(2567,2115,1,44),(2568,2330,1,23),(2569,2332,1,42),(2570,2336,1,43),(2571,2341,1,21),(2572,2343,1,40),(2573,2347,1,35),(2574,2349,1,25),(2575,2351,1,16),(2576,2353,1,9),(2577,2355,1,45),(2578,2357,1,14),(2579,2359,1,7),(2580,2361,1,37),(2581,2363,1,23),(2582,2365,1,31),(2583,2367,1,44),(2584,2369,1,24),(2585,2371,1,43),(2586,2373,1,35),(2587,2375,1,20),(2588,2377,1,15),(2589,2379,1,20),(2590,2381,1,10),(2591,2383,1,27),(2592,2385,1,14),(2593,2387,1,5),(2594,2389,1,2),(2595,2409,1,43),(2596,2411,1,14),(2597,2413,1,42),(2598,2415,1,33),(2599,2417,1,9),(2600,2419,1,6),(2601,2421,1,42),(2602,2423,1,14),(2603,2425,1,15),(2604,2427,1,6),(2605,2429,1,50),(2606,2431,1,43),(2607,2173,1,17),(2608,2174,1,15),(2609,2176,1,9),(2610,2178,1,20),(2611,2180,1,32),(2612,2182,1,26),(2613,2184,1,25),(2614,2186,1,46),(2615,2187,1,42),(2616,2187,1,18),(2617,2192,1,17),(2618,2194,1,1),(2619,2196,1,47),(2620,2197,1,44),(2621,2199,1,34),(2622,2201,1,50),(2623,2203,1,15),(2624,2205,1,5),(2625,2207,1,41),(2626,2209,1,49),(2627,2211,1,15),(2628,2213,1,31),(2629,2215,1,7),(2630,2230,1,29),(2631,2232,1,50),(2632,2234,1,44),(2633,2236,1,26),(2634,2467,1,24),(2635,2472,1,33),(2636,2475,1,35),(2637,2478,1,1),(2638,2481,1,50),(2639,2484,1,2),(2640,2487,1,13),(2641,2490,1,2),(2642,2493,1,45),(2643,2496,1,14),(2644,2499,1,47),(2645,2502,1,47),(2646,2507,1,26),(2647,2510,1,24),(2648,2514,1,29),(2649,2518,1,42),(2650,2520,1,17),(2651,2521,1,33),(2652,2523,1,24),(2653,2526,1,5),(2654,2529,1,3),(2655,2532,1,49),(2656,2534,1,24),(2657,2536,1,47),(2658,2537,1,23),(2659,2539,1,40),(2660,2541,1,5),(2661,2543,1,15),(2662,2545,1,12),(2663,2546,1,2),(2664,2548,1,26),(2665,2550,1,9),(2666,2552,1,9),(2667,2554,1,47),(2668,2556,1,37),(2669,2558,1,15),(2670,2560,1,21),(2671,2562,1,50),(2672,2564,1,5),(2673,2566,1,21),(2674,2568,1,9),(2675,2584,2,7),(2676,2587,2,26),(2677,2589,2,12),(2678,2594,2,43),(2679,2597,2,28),(2680,2600,2,26),(2681,2602,2,33),(2682,2604,2,50),(2683,2606,2,31),(2684,2608,2,43),(2685,2609,2,49),(2686,2616,2,8),(2687,2618,2,22),(2688,2620,2,16),(2689,2622,2,24),(2690,2623,2,1),(2691,2624,2,38),(2692,2626,2,25),(2693,2628,2,20),(2694,2629,2,22),(2695,2630,2,5),(2696,2631,2,46),(2697,2632,2,5),(2698,2634,2,34),(2699,2636,2,1),(2700,2638,2,37),(2701,2640,2,33),(2702,2644,2,29),(2703,2645,2,29),(2704,2647,2,20),(2705,2649,2,10),(2706,2651,2,14),(2707,2653,2,37),(2708,2655,2,27),(2709,2659,2,26),(2710,2661,2,5),(2711,2663,2,27),(2712,2665,2,11),(2713,2669,2,21),(2714,2671,2,25),(2715,2673,2,2),(2716,2675,2,11),(2717,2677,2,17),(2718,2679,2,34),(2719,2681,2,18),(2720,2682,2,43),(2721,2683,2,6),(2722,2684,2,50),(2723,2687,2,13),(2724,2689,2,6),(2725,2691,2,38),(2726,2693,2,26),(2727,2697,2,47),(2728,2698,2,36),(2729,2700,2,19),(2730,2703,2,12),(2731,2705,2,38),(2732,2708,2,10),(2733,2710,2,14),(2734,2712,2,3),(2735,2718,2,8),(2736,2720,2,37),(2737,2722,2,7),(2738,2307,2,1),(2739,2309,2,37),(2740,2311,2,5),(2741,2313,2,36),(2742,2315,2,47),(2743,2316,2,35),(2744,2317,2,1),(2745,2318,2,45),(2746,2320,2,48),(2747,2322,2,26),(2748,2324,2,16),(2749,2326,2,13),(2750,2328,2,40),(2751,2335,2,46),(2752,2338,2,17),(2753,2342,2,35),(2754,2344,2,25),(2755,2392,2,12),(2756,2396,2,26),(2757,2404,2,27),(2758,2408,2,40),(2759,2416,2,39),(2760,2420,2,35),(2761,2424,2,46),(2762,2426,2,18),(2763,2428,2,8),(2764,2432,2,37),(2765,2434,2,49),(2766,2436,2,27),(2767,2438,2,18),(2768,2440,2,11),(2769,2442,2,18),(2770,2443,2,29),(2771,2444,2,4),(2772,2445,2,39),(2773,2447,2,17),(2774,2449,2,46),(2775,2451,2,47),(2776,2453,2,32),(2777,2455,2,21),(2778,2457,2,18),(2779,2459,2,1),(2780,2461,2,12),(2781,2462,2,7),(2782,2463,2,15),(2783,2464,2,48),(2784,2466,2,35),(2785,2471,2,33),(2786,2486,2,27),(2787,2488,2,40),(2788,2489,2,25),(2789,2492,2,24),(2790,2505,2,34),(2791,2506,2,32),(2792,2509,2,47),(2793,2511,2,37),(2794,2513,2,19),(2795,2515,2,50),(2796,2517,2,22),(2797,2519,2,24),(2798,2522,2,42),(2799,2524,2,21),(2800,2525,2,37),(2801,2527,2,32),(2802,2528,2,43),(2803,2530,2,9),(2804,2531,2,32),(2805,2533,2,7),(2806,2535,2,45),(2807,2538,2,4),(2808,2540,2,31),(2809,2542,2,40),(2810,2544,2,41),(2811,1,2,30),(2812,4,2,27),(2813,6,2,25),(2814,10,2,29),(2815,12,2,40),(2816,17,2,4),(2817,23,2,19),(2818,27,2,33),(2819,31,2,35),(2820,33,2,25),(2821,35,2,28),(2822,51,2,39),(2823,51,2,39),(2824,64,2,37),(2825,69,2,41),(2826,72,2,13),(2827,75,2,5),(2828,85,2,4),(2829,89,2,1),(2830,92,2,2),(2831,94,2,13),(2832,96,2,2),(2833,102,2,23),(2834,104,2,18),(2835,106,2,3),(2836,109,2,39),(2837,114,2,42),(2838,127,2,14),(2839,131,2,21),(2840,137,2,22),(2841,142,2,47),(2842,147,2,43),(2843,152,2,18),(2844,154,2,6),(2845,160,2,26),(2846,165,2,6),(2847,173,2,21),(2848,177,2,17),(2849,179,2,22),(2850,188,2,23),(2851,194,2,3),(2852,197,2,33),(2853,201,2,13),(2854,207,2,41),(2855,213,2,2),(2856,218,2,18),(2857,223,2,11),(2858,225,2,26),(2859,232,2,2),(2860,238,2,31),(2861,244,2,20),(2862,248,2,27),(2863,262,2,20),(2864,268,2,37),(2865,272,2,49),(2866,279,2,27),(2867,282,2,35),(2868,287,2,49),(2869,291,2,5),(2870,296,2,18),(2871,298,2,29),(2872,300,2,46),(2873,303,2,34),(2874,305,2,6),(2875,334,2,25),(2876,339,2,10),(2877,341,2,40),(2878,344,2,16),(2879,350,2,12),(2880,354,2,35),(2881,359,2,17),(2882,365,2,29),(2883,370,2,19),(2884,375,2,10),(2885,8,2,8),(2886,13,2,32),(2887,22,2,50),(2888,29,2,6),(2889,30,2,31),(2890,32,2,29),(2891,34,2,43),(2892,36,2,47),(2893,38,2,25),(2894,39,2,23),(2895,41,2,14),(2896,43,2,34),(2897,46,2,15),(2898,49,2,14),(2899,52,2,31),(2900,57,2,39),(2901,70,2,33),(2902,73,2,3),(2903,76,2,21),(2904,78,2,49),(2905,80,2,48),(2906,81,2,5),(2907,86,2,44),(2908,90,2,37),(2909,121,2,17),(2910,126,2,23),(2911,144,2,39),(2912,158,2,38),(2913,162,2,21),(2914,164,2,43),(2915,166,2,35),(2916,167,2,3),(2917,169,2,41),(2918,172,2,27),(2919,174,2,44),(2920,178,2,33),(2921,186,2,49),(2922,192,2,5),(2923,200,2,6),(2924,206,2,34),(2925,209,2,38),(2926,236,2,14),(2927,239,2,29),(2928,241,2,28),(2929,241,2,50),(2930,245,2,37),(2931,247,2,41),(2932,250,2,36),(2933,254,2,42),(2934,257,2,48),(2935,261,2,17),(2936,297,2,17),(2937,301,2,1),(2938,304,2,17),(2939,307,2,32),(2940,310,2,46),(2941,314,2,41),(2942,318,2,49),(2943,340,2,42),(2944,342,2,37),(2945,345,2,2),(2946,348,2,38),(2947,355,2,10),(2948,360,2,37),(2949,363,2,36),(2950,386,2,43),(2951,390,2,10),(2952,395,2,22),(2953,412,2,28),(2954,434,2,41),(2955,440,2,12),(2956,444,2,26),(2957,447,2,11),(2958,451,2,39),(2959,454,2,50),(2960,457,2,36),(2961,459,2,1),(2962,462,2,18),(2963,466,2,40),(2964,468,2,40),(2965,471,2,9),(2966,473,2,21),(2967,476,2,43),(2968,479,2,44),(2969,483,2,10),(2970,490,2,39),(2971,507,2,6),(2972,512,2,47),(2973,515,2,3),(2974,519,2,49),(2975,522,2,40),(2976,530,2,44),(2977,533,2,45),(2978,537,2,3),(2979,540,2,43),(2980,544,2,21),(2981,549,2,33),(2982,554,2,41),(2983,554,2,4),(2984,563,2,28),(2985,582,2,8),(2986,586,2,26),(2987,589,2,2),(2988,593,2,25),(2989,596,2,23),(2990,600,2,4),(2991,604,2,13),(2992,610,2,11),(2993,613,2,29),(2994,616,2,9),(2995,620,2,1),(2996,624,2,14),(2997,627,2,20),(2998,629,2,50),(2999,630,2,14),(3000,634,2,45),(3001,638,2,30),(3002,638,2,17),(3003,638,2,3),(3004,694,2,10),(3005,697,2,42),(3006,702,2,48),(3007,727,2,9),(3008,732,2,10),(3009,736,2,40),(3010,739,2,35),(3011,741,2,23),(3012,741,2,20),(3013,746,2,18),(3014,759,2,28),(3015,760,2,29),(3016,762,2,35),(3017,765,2,26),(3018,769,2,11),(3019,773,2,26),(3020,777,2,41),(3021,5,2,9),(3022,11,2,5),(3023,16,2,10),(3024,20,2,14),(3025,47,2,25),(3026,53,2,18),(3027,59,2,21),(3028,65,2,30),(3029,93,2,30),(3030,97,2,13),(3031,107,2,41),(3032,110,2,43),(3033,115,2,16),(3034,123,2,37),(3035,125,2,48),(3036,128,2,20),(3037,130,2,44),(3038,133,2,46),(3039,136,2,27),(3040,143,2,24),(3041,148,2,26),(3042,151,2,50),(3043,156,2,42),(3044,156,2,33),(3045,199,2,10),(3046,205,2,26),(3047,211,2,18),(3048,214,2,27),(3049,216,2,6),(3050,217,2,33),(3051,221,2,47),(3052,224,2,36),(3053,228,2,33),(3054,231,2,10),(3055,235,2,17),(3056,240,2,38),(3057,271,2,40),(3058,280,2,1),(3059,281,2,19),(3060,283,2,36),(3061,290,2,35),(3062,292,2,32),(3063,309,2,41),(3064,311,2,11),(3065,313,2,35),(3066,315,2,35),(3067,317,2,44),(3068,319,2,16),(3069,321,2,2),(3070,323,2,26),(3071,325,2,26),(3072,327,2,20),(3073,329,2,47),(3074,343,2,6),(3075,361,2,21),(3076,364,2,35),(3077,366,2,14),(3078,368,2,47),(3079,377,2,27),(3080,382,2,7),(3081,387,2,5),(3082,391,2,4),(3083,397,2,3),(3084,405,2,32),(3085,15,2,39),(3086,15,2,49),(3087,21,2,25),(3088,25,2,3),(3089,37,2,18),(3090,40,2,11),(3091,42,2,36),(3092,42,2,28),(3093,42,2,8),(3094,54,2,33),(3095,61,2,11),(3096,67,2,32),(3097,77,2,50),(3098,79,2,10),(3099,82,2,13),(3100,87,2,24),(3101,91,2,46),(3102,99,2,34),(3103,111,2,8),(3104,116,2,4),(3105,118,2,27),(3106,119,2,32),(3107,122,2,43),(3108,129,2,37),(3109,135,2,43),(3110,139,2,38),(3111,145,2,46),(3112,149,2,43),(3113,157,2,28),(3114,163,2,7),(3115,170,2,39),(3116,175,2,35),(3117,182,2,50),(3118,185,2,29),(3119,191,2,41),(3120,204,2,12),(3121,210,2,5),(3122,215,2,16),(3123,215,2,11),(3124,227,2,35),(3125,230,2,41),(3126,234,2,21),(3127,242,2,24),(3128,246,2,19),(3129,251,2,11),(3130,253,2,9),(3131,256,2,7),(3132,258,2,13),(3133,260,2,28),(3134,264,2,12),(3135,270,2,25),(3136,275,2,40),(3137,277,2,47),(3138,284,2,26),(3139,289,2,4),(3140,289,2,5),(3141,332,2,38),(3142,337,2,31),(3143,347,2,14),(3144,352,2,12),(3145,357,2,45),(3146,362,2,11),(3147,367,2,46),(3148,373,2,20),(3149,2,2,45),(3150,9,2,44),(3151,19,2,50),(3152,24,2,11),(3153,26,2,7),(3154,28,2,22),(3155,55,2,2),(3156,60,2,26),(3157,63,2,12),(3158,66,2,12),(3159,66,2,20),(3160,71,2,45),(3161,74,2,8),(3162,83,2,14),(3163,88,2,28),(3164,113,2,11),(3165,124,2,20),(3166,155,2,5),(3167,161,2,21),(3168,168,2,45),(3169,171,2,47),(3170,176,2,15),(3171,180,2,27),(3172,181,2,36),(3173,181,2,15),(3174,189,2,14),(3175,195,2,5),(3176,198,2,21),(3177,203,2,34),(3178,249,2,41),(3179,252,2,10),(3180,255,2,22),(3181,259,2,35),(3182,263,2,13),(3183,265,2,31),(3184,266,2,29),(3185,269,2,23),(3186,294,2,18),(3187,295,2,38),(3188,299,2,15),(3189,302,2,2),(3190,306,2,33),(3191,308,2,30),(3192,312,2,41),(3193,316,2,42),(3194,320,2,5),(3195,322,2,16),(3196,324,2,29),(3197,326,2,32),(3198,328,2,18),(3199,330,2,37),(3200,331,2,2),(3201,333,2,29),(3202,335,2,23),(3203,336,2,34),(3204,338,2,5),(3205,346,2,17),(3206,349,2,6),(3207,351,2,22),(3208,353,2,28),(3209,356,2,27),(3210,358,2,20),(3211,381,2,32),(3212,383,2,4),(3213,384,2,7),(3214,388,2,24),(3215,392,2,50),(3216,398,2,11),(3217,415,2,27),(3218,437,2,24),(3219,442,2,21),(3220,445,2,41),(3221,449,2,31),(3222,452,2,31),(3223,460,2,43),(3224,464,2,4),(3225,469,2,3),(3226,478,2,19),(3227,481,2,38),(3228,486,2,8),(3229,504,2,34),(3230,510,2,47),(3231,513,2,24),(3232,517,2,34),(3233,520,2,30),(3234,525,2,8),(3235,527,2,35),(3236,528,2,23),(3237,532,2,28),(3238,535,2,48),(3239,538,2,1),(3240,542,2,34),(3241,546,2,18),(3242,552,2,11),(3243,558,2,50),(3244,584,2,22),(3245,587,2,36),(3246,591,2,39),(3247,594,2,4),(3248,598,2,27),(3249,598,2,26),(3250,607,2,7),(3251,619,2,42),(3252,622,2,1),(3253,625,2,4),(3254,632,2,43),(3255,636,2,50),(3256,639,2,15),(3257,641,2,12),(3258,644,2,39),(3259,647,2,3),(3260,650,2,16),(3261,661,2,44),(3262,661,2,11),(3263,669,2,27),(3264,672,2,37),(3265,685,2,5),(3266,685,2,5),(3267,691,2,26),(3268,696,2,1),(3269,698,2,3),(3270,699,2,10),(3271,700,2,37),(3272,701,2,34),(3273,704,2,44),(3274,730,2,35),(3275,734,2,37),(3276,737,2,10),(3277,749,2,47),(3278,751,2,13),(3279,754,2,31),(3280,756,2,38),(3281,758,2,23),(3282,761,2,9),(3283,763,2,15),(3284,767,2,5),(3285,770,2,24),(3286,775,2,37),(3287,3,2,43),(3288,7,2,22),(3289,14,2,25),(3290,18,2,28),(3291,44,2,32),(3292,50,2,16),(3293,56,2,29),(3294,62,2,10),(3295,84,2,22),(3296,95,2,32),(3297,98,2,22),(3298,100,2,33),(3299,101,2,49),(3300,103,2,34),(3301,105,2,9),(3302,108,2,4),(3303,112,2,11),(3304,117,2,28),(3305,120,2,13),(3306,132,2,41),(3307,134,2,46),(3308,134,2,30),(3309,140,2,50),(3310,141,2,28),(3311,146,2,36),(3312,150,2,27),(3313,153,2,40),(3314,159,2,35),(3315,187,2,22),(3316,190,2,33),(3317,193,2,9),(3318,196,2,2),(3319,202,2,28),(3320,208,2,37),(3321,212,2,6),(3322,219,2,44),(3323,222,2,41),(3324,226,2,46),(3325,229,2,16),(3326,233,2,33),(3327,237,2,23),(3328,267,2,23),(3329,273,2,20),(3330,274,2,22),(3331,276,2,23),(3332,278,2,46),(3333,285,2,27),(3334,286,2,15),(3335,288,2,37),(3336,369,2,4),(3337,371,2,10),(3338,372,2,46),(3339,374,2,27),(3340,376,2,28),(3341,378,2,35),(3342,379,2,36),(3343,380,2,22),(3344,385,2,37),(3345,389,2,12),(3346,394,2,7),(3347,400,2,11),(3348,401,2,13),(3349,404,2,34),(3350,407,2,17),(3351,411,2,3),(3352,413,2,41),(3353,416,2,49),(3354,418,2,49),(3355,420,2,36),(3356,421,2,4),(3357,426,2,20),(3358,433,2,34),(3359,439,2,1),(3360,474,2,22),(3361,423,2,29),(3362,425,2,40),(3363,428,2,24),(3364,430,2,42),(3365,431,2,20),(3366,436,2,41),(3367,455,2,18),(3368,484,2,18),(3369,487,2,2),(3370,489,2,30),(3371,492,2,9),(3372,494,2,9),(3373,494,2,26),(3374,497,2,17),(3375,499,2,43),(3376,501,2,30),(3377,505,2,36),(3378,523,2,29),(3379,548,2,23),(3380,555,2,8),(3381,560,2,18),(3382,566,2,13),(3383,570,2,47),(3384,573,2,7),(3385,577,2,27),(3386,580,2,44),(3387,605,2,24),(3388,605,2,7),(3389,617,2,30),(3390,645,2,21),(3391,651,2,6),(3392,655,2,31),(3393,658,2,4),(3394,663,2,44),(3395,670,2,36),(3396,675,2,30),(3397,677,2,8),(3398,679,2,48),(3399,681,2,18),(3400,683,2,3),(3401,686,2,16),(3402,690,2,1),(3403,695,2,34),(3404,707,2,16),(3405,710,2,1),(3406,713,2,45),(3407,717,2,10),(3408,719,2,3),(3409,722,2,39),(3410,726,2,11),(3411,744,2,18),(3412,750,2,17),(3413,764,2,44),(3414,768,2,18),(3415,768,2,15),(3416,778,2,32),(3417,780,2,41),(3418,784,2,13),(3419,788,2,36),(3420,791,2,3),(3421,795,2,9),(3422,799,2,9),(3423,803,2,14),(3424,808,2,47),(3425,812,2,23),(3426,817,2,35),(3427,823,2,18),(3428,833,2,50),(3429,838,2,13),(3430,853,2,34),(3431,858,2,43),(3432,858,2,31),(3433,870,2,22),(3434,458,2,18),(3435,463,2,13),(3436,467,2,33),(3437,472,2,24),(3438,477,2,27),(3439,482,2,16),(3440,488,2,15),(3441,493,2,47),(3442,498,2,12),(3443,506,2,18),(3444,511,2,32),(3445,516,2,23),(3446,521,2,47),(3447,524,2,10),(3448,529,2,28),(3449,534,2,44),(3450,539,2,23),(3451,543,2,5),(3452,550,2,49),(3453,556,2,7),(3454,562,2,28),(3455,567,2,33),(3456,571,2,16),(3457,576,2,39),(3458,578,2,28),(3459,581,2,21),(3460,583,2,19),(3461,585,2,10),(3462,590,2,10),(3463,595,2,34),(3464,599,2,35),(3465,606,2,37),(3466,612,2,25),(3467,615,2,42),(3468,621,2,40),(3469,621,2,39),(3470,631,2,39),(3471,643,2,20),(3472,649,2,32),(3473,654,2,35),(3474,659,2,41),(3475,671,2,15),(3476,692,2,20),(3477,706,2,34),(3478,711,2,15),(3479,716,2,4),(3480,721,2,37),(3481,725,2,15),(3482,731,2,47),(3483,735,2,18),(3484,740,2,2),(3485,742,2,38),(3486,745,2,5),(3487,748,2,12),(3488,753,2,12),(3489,757,2,5),(3490,783,2,42),(3491,787,2,32),(3492,818,2,36),(3493,824,2,43),(3494,827,2,40),(3495,829,2,27),(3496,832,2,5),(3497,835,2,28),(3498,847,2,6),(3499,849,2,25),(3500,852,2,35),(3501,859,2,24),(3502,869,2,37),(3503,875,2,48),(3504,875,2,30),(3505,884,2,19),(3506,886,2,20),(3507,887,2,37),(3508,889,2,7),(3509,891,2,18),(3510,898,2,13),(3511,903,2,26),(3512,914,2,46),(3513,919,2,7),(3514,924,2,43),(3515,929,2,22),(3516,934,2,25),(3517,939,2,14),(3518,944,2,44),(3519,948,2,28),(3520,954,2,18),(3521,956,2,7),(3522,960,2,38),(3523,963,2,16),(3524,966,2,3),(3525,971,2,2),(3526,983,2,46),(3527,986,2,21),(3528,989,2,33),(3529,993,2,42),(3530,1001,2,39),(3531,1013,2,20),(3532,1018,2,21),(3533,1023,2,15),(3534,1028,2,29),(3535,1032,2,1),(3536,1038,2,13),(3537,1043,2,26),(3538,1048,2,16),(3539,1055,2,31),(3540,1057,2,27),(3541,1059,2,40),(3542,1062,2,35),(3543,1065,2,16),(3544,1080,2,19),(3545,1118,2,46),(3546,1130,2,44),(3547,1135,2,47),(3548,1148,2,46),(3549,1151,2,50),(3550,1157,2,36),(3551,1178,2,25),(3552,1183,2,27),(3553,1192,2,8),(3554,1197,2,33),(3555,1202,2,36),(3556,1208,2,3),(3557,1214,2,18),(3558,1221,2,23),(3559,794,2,14),(3560,798,2,31),(3561,802,2,43),(3562,806,2,29),(3563,809,2,36),(3564,813,2,49),(3565,819,2,33),(3566,822,2,2),(3567,825,2,25),(3568,828,2,40),(3569,830,2,19),(3570,831,2,26),(3571,834,2,4),(3572,837,2,35),(3573,839,2,8),(3574,841,2,33),(3575,843,2,38),(3576,845,2,47),(3577,846,2,3),(3578,848,2,17),(3579,851,2,37),(3580,854,2,42),(3581,860,2,23),(3582,873,2,14),(3583,895,2,13),(3584,899,2,3),(3585,902,2,6),(3586,904,2,16),(3587,909,2,20),(3588,915,2,45),(3589,918,2,12),(3590,923,2,17),(3591,925,2,40),(3592,927,2,6),(3593,930,2,3),(3594,957,2,35),(3595,959,2,3),(3596,962,2,30),(3597,965,2,30),(3598,968,2,18),(3599,970,2,4),(3600,973,2,22),(3601,977,2,38),(3602,980,2,29),(3603,982,2,30),(3604,984,2,32),(3605,987,2,11),(3606,992,2,23),(3607,996,2,3),(3608,1022,2,2),(3609,1026,2,22),(3610,1029,2,30),(3611,1033,2,1),(3612,1036,2,26),(3613,1044,2,48),(3614,1052,2,33),(3615,1054,2,46),(3616,1056,2,2),(3617,1086,2,6),(3618,1088,2,38),(3619,1090,2,5),(3620,1093,2,19),(3621,1097,2,14),(3622,1099,2,21),(3623,1101,2,35),(3624,1105,2,50),(3625,1109,2,21),(3626,1113,2,26),(3627,1117,2,46),(3628,1120,2,7),(3629,1122,2,43),(3630,503,2,22),(3631,503,2,1),(3632,508,2,21),(3633,545,2,49),(3634,551,2,6),(3635,557,2,18),(3636,564,2,5),(3637,568,2,14),(3638,572,2,8),(3639,575,2,11),(3640,579,2,6),(3641,602,2,12),(3642,608,2,31),(3643,614,2,15),(3644,642,2,2),(3645,648,2,17),(3646,653,2,8),(3647,656,2,38),(3648,660,2,11),(3649,666,2,1),(3650,673,2,2),(3651,676,2,30),(3652,678,2,18),(3653,680,2,39),(3654,682,2,20),(3655,684,2,50),(3656,688,2,39),(3657,693,2,46),(3658,705,2,40),(3659,709,2,27),(3660,712,2,35),(3661,715,2,19),(3662,720,2,10),(3663,724,2,21),(3664,729,2,21),(3665,747,2,10),(3666,752,2,11),(3667,766,2,42),(3668,771,2,21),(3669,774,2,18),(3670,776,2,15),(3671,779,2,49),(3672,782,2,18),(3673,786,2,4),(3674,789,2,40),(3675,793,2,3),(3676,797,2,30),(3677,801,2,48),(3678,805,2,14),(3679,810,2,16),(3680,815,2,42),(3681,820,2,21),(3682,826,2,24),(3683,836,2,2),(3684,850,2,14),(3685,855,2,30),(3686,861,2,18),(3687,867,2,39),(3688,874,2,49),(3689,877,2,6),(3690,879,2,8),(3691,880,2,47),(3692,882,2,33),(3693,393,2,39),(3694,396,2,14),(3695,399,2,36),(3696,402,2,6),(3697,403,2,46),(3698,406,2,15),(3699,408,2,35),(3700,410,2,45),(3701,414,2,32),(3702,417,2,40),(3703,419,2,9),(3704,422,2,26),(3705,424,2,16),(3706,427,2,9),(3707,429,2,9),(3708,429,2,1),(3709,435,2,48),(3710,438,2,47),(3711,441,2,15),(3712,443,2,49),(3713,446,2,37),(3714,448,2,4),(3715,450,2,19),(3716,453,2,8),(3717,456,2,10),(3718,461,2,6),(3719,465,2,49),(3720,470,2,32),(3721,475,2,17),(3722,480,2,41),(3723,485,2,11),(3724,491,2,42),(3725,495,2,18),(3726,500,2,40),(3727,502,2,15),(3728,509,2,2),(3729,514,2,44),(3730,518,2,6),(3731,526,2,44),(3732,531,2,11),(3733,536,2,9),(3734,541,2,9),(3735,547,2,9),(3736,553,2,5),(3737,559,2,35),(3738,565,2,33),(3739,569,2,5),(3740,569,2,33),(3741,588,2,40),(3742,592,2,3),(3743,597,2,3),(3744,603,2,44),(3745,609,2,35),(3746,618,2,9),(3747,623,2,9),(3748,628,2,29),(3749,633,2,46),(3750,635,2,13),(3751,637,2,29),(3752,640,2,5),(3753,646,2,35),(3754,652,2,29),(3755,657,2,5),(3756,662,2,42),(3757,665,2,6),(3758,668,2,33),(3759,674,2,27),(3760,703,2,32),(3761,708,2,46),(3762,714,2,3),(3763,718,2,1),(3764,723,2,13),(3765,728,2,40),(3766,733,2,50),(3767,738,2,34),(3768,755,2,39),(3769,781,2,8),(3770,785,2,37),(3771,814,2,41),(3772,821,2,19),(3773,840,2,47),(3774,842,2,15),(3775,844,2,3),(3776,856,2,39),(3777,862,2,45),(3778,866,2,20),(3779,872,2,25),(3780,878,2,6),(3781,883,2,33),(3782,885,2,3),(3783,893,2,1),(3784,901,2,49),(3785,905,2,36),(3786,908,2,4),(3787,1,2,38),(3788,911,2,44),(3789,917,2,14),(3790,921,2,39),(3791,926,2,50),(3792,932,2,31),(3793,937,2,21),(3794,941,2,36),(3795,946,2,50),(3796,951,2,2),(3797,969,2,19),(3798,974,2,31),(3799,976,2,38),(3800,979,2,50),(3801,981,2,47),(3802,991,2,14),(3803,998,2,21),(3804,1004,2,47),(3805,1007,2,47),(3806,1010,2,3),(3807,1015,2,39),(3808,1021,2,40),(3809,1025,2,41),(3810,1030,2,37),(3811,1035,2,12),(3812,1040,2,3),(3813,1045,2,28),(3814,1051,2,44),(3815,1067,2,40),(3816,1070,2,29),(3817,1072,2,48),(3818,1075,2,10),(3819,1077,2,42),(3820,1083,2,31),(3821,1124,2,38),(3822,1132,2,42),(3823,1154,2,41),(3824,1170,2,30),(3825,1173,2,37),(3826,1176,2,35),(3827,1181,2,39),(3828,1185,2,46),(3829,1187,2,9),(3830,1190,2,3),(3831,1194,2,4),(3832,1199,2,48),(3833,1205,2,47),(3834,1211,2,33),(3835,1216,2,35),(3836,1219,2,22),(3837,790,2,30),(3838,792,2,37),(3839,796,2,38),(3840,800,2,11),(3841,804,2,48),(3842,807,2,5),(3843,811,2,27),(3844,816,2,5),(3845,857,2,11),(3846,863,2,35),(3847,865,2,21),(3848,868,2,12),(3849,871,2,3),(3850,876,2,43),(3851,897,2,40),(3852,906,2,18),(3853,913,2,9),(3854,916,2,5),(3855,920,2,27),(3856,922,2,44),(3857,967,2,3),(3858,972,2,29),(3859,975,2,34),(3860,978,2,14),(3861,985,2,30),(3862,990,2,13),(3863,994,2,25),(3864,999,2,33),(3865,1002,2,17),(3866,1005,2,5),(3867,1008,2,8),(3868,1019,2,14),(3869,1024,2,30),(3870,1027,2,14),(3871,1031,2,48),(3872,1034,2,45),(3873,1037,2,9),(3874,1039,2,45),(3875,1041,2,31),(3876,1042,2,29),(3877,1046,2,43),(3878,1049,2,1),(3879,1058,2,25),(3880,1060,2,14),(3881,1061,2,47),(3882,1064,2,2),(3883,1079,2,21),(3884,1082,2,27),(3885,1085,2,45),(3886,1095,2,30),(3887,1103,2,48),(3888,1107,2,27),(3889,1111,2,20),(3890,1115,2,14),(3891,1119,2,26),(3892,1121,2,1),(3893,1123,2,6),(3894,1126,2,24),(3895,1127,2,39),(3896,1128,2,23),(3897,1129,2,19),(3898,1131,2,16),(3899,1133,2,3),(3900,1136,2,2),(3901,1138,2,6),(3902,1141,2,44),(3903,1143,2,17),(3904,1144,2,50),(3905,1146,2,22),(3906,1153,2,47),(3907,1156,2,33),(3908,1159,2,41),(3909,1161,2,48),(3910,1163,2,42),(3911,1165,2,9),(3912,1167,2,46),(3913,1171,2,11),(3914,1177,2,44),(3915,1180,2,32),(3916,1184,2,15),(3917,1188,2,23),(3918,1191,2,24),(3919,1195,2,18),(3920,1198,2,43),(3921,1203,2,45),(3922,1209,2,31),(3923,1215,2,21),(3924,1218,2,40),(3925,1222,2,24),(3926,1224,2,4),(3927,1226,2,29),(3928,1228,2,27),(3929,1231,2,28),(3930,1234,2,17),(3931,1252,2,50),(3932,1258,2,49),(3933,1268,2,48),(3934,1281,2,3),(3935,1291,2,34),(3936,1309,2,48),(3937,1313,2,35),(3938,1318,2,34),(3939,1324,2,6),(3940,1350,2,39),(3941,1356,2,7),(3942,1366,2,4),(3943,1371,2,39),(3944,1377,2,30),(3945,1382,2,2),(3946,1385,2,14),(3947,1390,2,28),(3948,1395,2,29),(3949,1437,2,10),(3950,1439,2,35),(3951,1441,2,2),(3952,1443,2,38),(3953,1443,2,16),(3954,1447,2,2),(3955,1449,2,27),(3956,1451,2,4),(3957,1453,2,6),(3958,1472,2,20),(3959,1476,2,40),(3960,1480,2,47),(3961,1483,2,43),(3962,1487,2,30),(3963,1492,2,23),(3964,1496,2,24),(3965,1500,2,34),(3966,1504,2,44),(3967,1507,2,32),(3968,888,2,38),(3969,892,2,2),(3970,896,2,30),(3971,907,2,10),(3972,912,2,44),(3973,931,2,6),(3974,935,2,3),(3975,938,2,32),(3976,942,2,25),(3977,945,2,49),(3978,949,2,30),(3979,952,2,41),(3980,955,2,9),(3981,961,2,6),(3982,988,2,41),(3983,997,2,46),(3984,1003,2,40),(3985,1009,2,47),(3986,1012,2,34),(3987,1016,2,15),(3988,1020,2,38),(3989,1050,2,43),(3990,1063,2,48),(3991,1068,2,4),(3992,1071,2,35),(3993,1074,2,24),(3994,1078,2,16),(3995,1084,2,41),(3996,1089,2,43),(3997,1092,2,13),(3998,1096,2,26),(3999,1100,2,8),(4000,1104,2,14),(4001,1108,2,5),(4002,1112,2,43),(4003,1116,2,29),(4004,1142,2,7),(4005,1147,2,3),(4006,1152,2,19),(4007,1172,2,17),(4008,1201,2,17),(4009,1207,2,12),(4010,1213,2,30),(4011,1239,2,3),(4012,1242,2,10),(4013,1244,2,50),(4014,1247,2,13),(4015,1251,2,28),(4016,1256,2,8),(4017,1262,2,23),(4018,1265,2,36),(4019,1270,2,32),(4020,1274,2,43),(4021,1278,2,46),(4022,1282,2,49),(4023,1287,2,28),(4024,1292,2,11),(4025,1296,2,28),(4026,1299,2,8),(4027,1301,2,25),(4028,1302,2,23),(4029,1304,2,34),(4030,1306,2,47),(4031,1310,2,50),(4032,1316,2,5),(4033,1319,2,39),(4034,1322,2,10),(4035,1325,2,19),(4036,1327,2,29),(4037,1330,2,11),(4038,1338,2,1),(4039,1342,2,4),(4040,1347,2,18),(4041,1352,2,10),(4042,1358,2,35),(4043,1363,2,40),(4044,1367,2,40),(4045,1373,2,41),(4046,1380,2,30),(4047,1393,2,18),(4048,1396,2,4),(4049,1399,2,20),(4050,1403,2,41),(4051,1406,2,35),(4052,1410,2,25),(4053,1413,2,49),(4054,1417,2,1),(4055,1420,2,42),(4056,1425,2,47),(4057,1427,2,19),(4058,1430,2,47),(4059,1454,2,18),(4060,1456,2,48),(4061,1458,2,3),(4062,1460,2,48),(4063,1462,2,27),(4064,1464,2,22),(4065,1466,2,3),(4066,1468,2,11),(4067,1471,2,23),(4068,1479,2,40),(4069,1484,2,32),(4070,1488,2,30),(4071,1490,2,13),(4072,1491,2,33),(4073,1495,2,7),(4074,1499,2,25),(4075,1503,2,24),(4076,1512,2,3),(4077,1513,2,19),(4078,1514,2,10),(4079,1515,2,1),(4080,1517,2,16),(4081,1520,2,26),(4082,1524,2,1),(4083,1528,2,33),(4084,1532,2,13),(4085,1538,2,36),(4086,1542,2,45),(4087,1547,2,19),(4088,1551,2,10),(4089,1561,2,33),(4090,1565,2,47),(4091,1569,2,22),(4092,1573,2,46),(4093,1573,2,41),(4094,1581,2,27),(4095,1585,2,48),(4096,1589,2,18),(4097,1593,2,11),(4098,1629,2,33),(4099,1631,2,44),(4100,1633,2,44),(4101,1635,2,15),(4102,1638,2,50),(4103,1640,2,23),(4104,1644,2,34),(4105,1232,2,4),(4106,1238,2,24),(4107,1243,2,35),(4108,1248,2,12),(4109,1263,2,7),(4110,1266,2,11),(4111,1269,2,10),(4112,1272,2,5),(4113,1275,2,35),(4114,1277,2,36),(4115,1293,2,45),(4116,1295,2,27),(4117,1298,2,27),(4118,1300,2,50),(4119,1300,2,46),(4120,1308,2,23),(4121,1311,2,7),(4122,1329,2,2),(4123,1331,2,42),(4124,1334,2,30),(4125,1336,2,13),(4126,1339,2,13),(4127,1343,2,23),(4128,1348,2,15),(4129,1354,2,12),(4130,1360,2,8),(4131,1365,2,31),(4132,1372,2,25),(4133,1378,2,20),(4134,1383,2,8),(4135,1387,2,28),(4136,1394,2,49),(4137,1400,2,11),(4138,1404,2,46),(4139,1409,2,42),(4140,1414,2,6),(4141,1419,2,21),(4142,1419,2,30),(4143,1426,2,29),(4144,1429,2,10),(4145,1433,2,50),(4146,1435,2,50),(4147,1769,2,12),(4148,1776,2,17),(4149,1779,2,18),(4150,1783,2,31),(4151,1788,2,13),(4152,1791,2,34),(4153,1795,2,23),(4154,1800,2,27),(4155,1806,2,46),(4156,1811,2,50),(4157,1815,2,13),(4158,1820,2,2),(4159,1825,2,47),(4160,1830,2,34),(4161,1836,2,26),(4162,1840,2,6),(4163,1846,2,29),(4164,1852,2,15),(4165,1856,2,50),(4166,1861,2,10),(4167,1867,2,3),(4168,1873,2,15),(4169,1879,2,10),(4170,1886,2,11),(4171,1134,2,41),(4172,1137,2,38),(4173,1139,2,34),(4174,1150,2,27),(4175,1155,2,47),(4176,1158,2,11),(4177,1160,2,40),(4178,1162,2,9),(4179,1164,2,37),(4180,1166,2,16),(4181,1168,2,48),(4182,1174,2,37),(4183,1179,2,19),(4184,1182,2,48),(4185,1186,2,15),(4186,1189,2,42),(4187,1193,2,34),(4188,1196,2,11),(4189,1200,2,18),(4190,1206,2,13),(4191,1212,2,36),(4192,1217,2,46),(4193,1220,2,32),(4194,1223,2,46),(4195,1225,2,44),(4196,1227,2,25),(4197,1229,2,34),(4198,1233,2,33),(4199,1237,2,44),(4200,1255,2,41),(4201,1261,2,49),(4202,1271,2,20),(4203,1285,2,10),(4204,1307,2,20),(4205,1312,2,14),(4206,1315,2,5),(4207,1321,2,37),(4208,1328,2,11),(4209,1353,2,24),(4210,1359,2,27),(4211,1368,2,21),(4212,1374,2,1),(4213,1379,2,17),(4214,1384,2,46),(4215,1388,2,26),(4216,1392,2,22),(4217,1398,2,29),(4218,1438,2,33),(4219,1440,2,26),(4220,1442,2,48),(4221,1444,2,44),(4222,1446,2,46),(4223,1448,2,39),(4224,1450,2,35),(4225,1452,2,34),(4226,1470,2,16),(4227,1474,2,11),(4228,1478,2,39),(4229,1482,2,38),(4230,1485,2,9),(4231,1489,2,5),(4232,1494,2,34),(4233,1498,2,36),(4234,1502,2,34),(4235,1505,2,20),(4236,890,2,33),(4237,890,2,10),(4238,894,2,7),(4239,900,2,38),(4240,910,2,29),(4241,928,2,9),(4242,933,2,22),(4243,936,2,18),(4244,940,2,15),(4245,943,2,23),(4246,947,2,26),(4247,950,2,46),(4248,953,2,22),(4249,958,2,14),(4250,964,2,17),(4251,995,2,4),(4252,1000,2,17),(4253,1006,2,29),(4254,1011,2,11),(4255,1014,2,48),(4256,1017,2,18),(4257,1047,2,28),(4258,1053,2,5),(4259,1066,2,37),(4260,1069,2,21),(4261,1073,2,29),(4262,1076,2,11),(4263,1081,2,9),(4264,1087,2,39),(4265,1091,2,2),(4266,1094,2,33),(4267,1098,2,18),(4268,1102,2,47),(4269,1106,2,18),(4270,1110,2,19),(4271,1114,2,2),(4272,1140,2,3),(4273,1145,2,36),(4274,1149,2,31),(4275,1169,2,12),(4276,1175,2,9),(4277,1204,2,7),(4278,1210,2,9),(4279,1236,2,19),(4280,1240,2,47),(4281,1245,2,3),(4282,1249,2,22),(4283,1253,2,25),(4284,1259,2,50),(4285,1264,2,15),(4286,1267,2,14),(4287,1273,2,28),(4288,1273,2,33),(4289,1279,2,34),(4290,1284,2,2),(4291,1289,2,48),(4292,1294,2,31),(4293,1297,2,50),(4294,1332,2,13),(4295,1332,2,19),(4296,1335,2,40),(4297,1337,2,26),(4298,1340,2,20),(4299,1344,2,12),(4300,1345,2,9),(4301,1349,2,41),(4302,1355,2,43),(4303,1361,2,8),(4304,1364,2,7),(4305,1370,2,4),(4306,1376,2,33),(4307,1389,2,38),(4308,1401,2,37),(4309,1405,2,13),(4310,1408,2,24),(4311,1412,2,24),(4312,1415,2,7),(4313,1418,2,27),(4314,1423,2,33),(4315,1432,2,37),(4316,1455,2,18),(4317,1457,2,1),(4318,1459,2,9),(4319,1461,2,14),(4320,1463,2,36),(4321,1465,2,45),(4322,1467,2,50),(4323,1469,2,49),(4324,1473,2,11),(4325,1475,2,15),(4326,1477,2,50),(4327,1481,2,17),(4328,1486,2,23),(4329,1493,2,19),(4330,1497,2,48),(4331,1501,2,27),(4332,1506,2,36),(4333,1508,2,27),(4334,1510,2,25),(4335,1511,2,31),(4336,1516,2,32),(4337,1518,2,39),(4338,1522,2,42),(4339,1522,2,28),(4340,1530,2,23),(4341,1534,2,13),(4342,1536,2,46),(4343,1540,2,35),(4344,1545,2,21),(4345,1549,2,27),(4346,1553,2,45),(4347,1555,2,20),(4348,1557,2,12),(4349,1559,2,5),(4350,1563,2,11),(4351,1567,2,7),(4352,1571,2,11),(4353,1575,2,31),(4354,1579,2,24),(4355,1583,2,5),(4356,1587,2,21),(4357,1591,2,10),(4358,1595,2,50),(4359,1597,2,1),(4360,1599,2,2),(4361,1601,2,22),(4362,1602,2,7),(4363,1603,2,18),(4364,1604,2,25),(4365,1605,2,7),(4366,1606,2,4),(4367,1607,2,31),(4368,1607,2,24),(4369,1611,2,36),(4370,1613,2,10),(4371,1613,2,22),(4372,1617,2,32),(4373,1619,2,36),(4374,1621,2,4),(4375,1623,2,49),(4376,1623,2,23),(4377,1627,2,37),(4378,1642,2,30),(4379,1230,2,25),(4380,1235,2,30),(4381,1241,2,41),(4382,1246,2,20),(4383,1250,2,47),(4384,1254,2,46),(4385,1257,2,12),(4386,1260,2,5),(4387,1280,2,19),(4388,1280,2,4),(4389,1286,2,10),(4390,1288,2,25),(4391,1290,2,41),(4392,1305,2,12),(4393,1314,2,20),(4394,1317,2,23),(4395,1320,2,48),(4396,1323,2,26),(4397,1326,2,10),(4398,1341,2,16),(4399,1346,2,48),(4400,1351,2,45),(4401,1357,2,11),(4402,1362,2,39),(4403,1369,2,29),(4404,1375,2,10),(4405,1381,2,22),(4406,1386,2,6),(4407,1391,2,28),(4408,1397,2,32),(4409,1402,2,22),(4410,1407,2,19),(4411,1411,2,37),(4412,1416,2,32),(4413,1421,2,1),(4414,1424,2,11),(4415,1428,2,41),(4416,1431,2,16),(4417,1434,2,42),(4418,1436,2,35),(4419,1774,2,38),(4420,1778,2,46),(4421,1781,2,5),(4422,1785,2,24),(4423,1790,2,2),(4424,1793,2,6),(4425,1797,2,14),(4426,1802,2,18),(4427,1809,2,31),(4428,1809,2,27),(4429,1818,2,22),(4430,1822,2,12),(4431,1827,2,13),(4432,1832,2,36),(4433,1838,2,15),(4434,1843,2,10),(4435,1849,2,10),(4436,1854,2,33),(4437,1859,2,24),(4438,1863,2,22),(4439,1870,2,45),(4440,1876,2,39),(4441,1881,2,41),(4442,1888,2,44),(4443,1892,2,47),(4444,1894,2,6),(4445,1896,2,14),(4446,1898,2,35),(4447,1900,2,2),(4448,1902,2,34),(4449,1904,2,1),(4450,1914,2,18),(4451,1918,2,14),(4452,1922,2,15),(4453,1920,2,46),(4454,1924,2,50),(4455,1926,2,19),(4456,1928,2,19),(4457,1930,2,7),(4458,1932,2,34),(4459,1934,2,29),(4460,1936,2,46),(4461,1938,2,25),(4462,1940,2,45),(4463,1941,2,22),(4464,1943,2,45),(4465,1945,2,12),(4466,1948,2,22),(4467,1950,2,24),(4468,1952,2,18),(4469,1954,2,38),(4470,1956,2,32),(4471,1958,2,1),(4472,1960,2,46),(4473,1962,2,4),(4474,1964,2,43),(4475,1965,2,33),(4476,1967,2,43),(4477,1969,2,1),(4478,1976,2,31),(4479,1980,2,4),(4480,1986,2,10),(4481,1988,2,7),(4482,1993,2,49),(4483,1995,2,25),(4484,1997,2,48),(4485,1999,2,44),(4486,2001,2,38),(4487,2003,2,2),(4488,2004,2,48),(4489,2006,2,5),(4490,2007,2,25),(4491,2011,2,22),(4492,2015,2,47),(4493,2019,2,38),(4494,2023,2,8),(4495,2027,2,23),(4496,2032,2,23),(4497,2036,2,16),(4498,2045,2,43),(4499,2049,2,31),(4500,2053,2,50),(4501,2057,2,32),(4502,2059,2,37),(4503,2063,2,48),(4504,2066,2,27),(4505,2073,2,12),(4506,2078,2,31),(4507,2124,2,7),(4508,2126,2,31),(4509,2129,2,5),(4510,2131,2,50),(4511,2133,2,2),(4512,2135,2,24),(4513,2137,2,35),(4514,2139,2,38),(4515,2141,2,17),(4516,2143,2,11),(4517,2145,2,35),(4518,2147,2,49),(4519,2149,2,34),(4520,2151,2,37),(4521,2153,2,24),(4522,2155,2,46),(4523,2157,2,35),(4524,2158,2,5),(4525,2160,2,24),(4526,2162,2,47),(4527,2164,2,8),(4528,2166,2,27),(4529,2168,2,44),(4530,2170,2,28),(4531,2172,2,11),(4532,1521,2,18),(4533,1525,2,45),(4534,1529,2,31),(4535,1535,2,33),(4536,1535,2,47),(4537,1539,2,43),(4538,1543,2,24),(4539,1546,2,27),(4540,1550,2,6),(4541,1554,2,26),(4542,1558,2,47),(4543,1562,2,8),(4544,1566,2,11),(4545,1570,2,47),(4546,1574,2,13),(4547,1578,2,49),(4548,1582,2,16),(4549,1586,2,12),(4550,1590,2,18),(4551,1594,2,45),(4552,1598,2,31),(4553,1608,2,16),(4554,1610,2,24),(4555,1614,2,23),(4556,1618,2,45),(4557,1622,2,8),(4558,1626,2,25),(4559,1630,2,29),(4560,1634,2,36),(4561,1637,2,31),(4562,1641,2,43),(4563,1645,2,43),(4564,1648,2,16),(4565,1650,2,46),(4566,1652,2,36),(4567,1654,2,41),(4568,1654,2,47),(4569,1658,2,8),(4570,1660,2,39),(4571,1662,2,13),(4572,1664,2,20),(4573,1666,2,22),(4574,1668,2,29),(4575,1670,2,31),(4576,1672,2,15),(4577,1674,2,44),(4578,1676,2,28),(4579,1678,2,7),(4580,1678,2,4),(4581,1684,2,16),(4582,1688,2,26),(4583,1692,2,45),(4584,1696,2,40),(4585,1700,2,7),(4586,1704,2,27),(4587,1708,2,31),(4588,1712,2,38),(4589,1716,2,10),(4590,1720,2,8),(4591,1724,2,19),(4592,1724,2,30),(4593,1732,2,5),(4594,1734,2,6),(4595,1736,2,2),(4596,1736,2,4),(4597,1740,2,8),(4598,1742,2,47),(4599,1744,2,16),(4600,1746,2,37),(4601,1748,2,20),(4602,1750,2,43),(4603,1752,2,36),(4604,1752,2,14),(4605,1756,2,24),(4606,1756,2,18),(4607,1756,2,35),(4608,1756,2,40),(4609,1756,2,18),(4610,1766,2,28),(4611,1768,2,31),(4612,1771,2,36),(4613,1773,2,34),(4614,1777,2,27),(4615,1782,2,17),(4616,1786,2,12),(4617,1789,2,43),(4618,1794,2,4),(4619,1798,2,4),(4620,1804,2,9),(4621,1834,2,39),(4622,1839,2,6),(4623,1844,2,28),(4624,1866,2,35),(4625,1872,2,28),(4626,1877,2,40),(4627,1880,2,11),(4628,2239,2,33),(4629,2241,2,40),(4630,2243,2,48),(4631,2245,2,32),(4632,2247,2,1),(4633,2249,2,24),(4634,2251,2,25),(4635,2253,2,10),(4636,2253,2,12),(4637,2257,2,7),(4638,2259,2,28),(4639,2261,2,6),(4640,2263,2,34),(4641,2265,2,27),(4642,2267,2,41),(4643,2269,2,44),(4644,2271,2,1),(4645,2273,2,21),(4646,2275,2,36),(4647,2278,2,24),(4648,2280,2,27),(4649,2281,2,1),(4650,2283,2,29),(4651,2285,2,17),(4652,2287,2,7),(4653,2289,2,48),(4654,2291,2,34),(4655,2293,2,20),(4656,2295,2,27),(4657,2297,2,49),(4658,2299,2,37),(4659,2301,2,11),(4660,2303,2,35),(4661,2305,2,36),(4662,1680,2,28),(4663,1685,2,36),(4664,1689,2,26),(4665,1693,2,36),(4666,1697,2,25),(4667,1701,2,5),(4668,1705,2,26),(4669,1709,2,31),(4670,1713,2,2),(4671,1717,2,26),(4672,1721,2,16),(4673,1725,2,24),(4674,1729,2,17),(4675,1799,2,12),(4676,1805,2,33),(4677,1810,2,25),(4678,1814,2,39),(4679,1817,2,33),(4680,1821,2,43),(4681,1824,2,16),(4682,1828,2,18),(4683,1831,2,13),(4684,1835,2,45),(4685,1845,2,3),(4686,1850,2,28),(4687,1853,2,32),(4688,1857,2,44),(4689,1860,2,13),(4690,1864,2,32),(4691,1868,2,41),(4692,1874,2,17),(4693,1883,2,34),(4694,1885,2,19),(4695,1889,2,44),(4696,1891,2,23),(4697,1891,2,4),(4698,1891,2,27),(4699,1903,2,15),(4700,1906,2,15),(4701,1908,2,42),(4702,1910,2,15),(4703,1912,2,19),(4704,1915,2,29),(4705,1917,2,5),(4706,1921,2,39),(4707,1925,2,48),(4708,1929,2,44),(4709,1933,2,30),(4710,1937,2,3),(4711,1942,2,39),(4712,1944,2,16),(4713,1946,2,12),(4714,1947,2,48),(4715,1949,2,9),(4716,1951,2,39),(4717,1953,2,18),(4718,1955,2,26),(4719,1957,2,50),(4720,1959,2,24),(4721,1961,2,44),(4722,2009,2,49),(4723,2013,2,33),(4724,2017,2,30),(4725,2021,2,37),(4726,2025,2,46),(4727,2030,2,7),(4728,2034,2,33),(4729,2042,2,18),(4730,2047,2,14),(4731,2051,2,43),(4732,2055,2,21),(4733,2058,2,29),(4734,2061,2,32),(4735,2065,2,4),(4736,2072,2,49),(4737,2076,2,18),(4738,2080,2,45),(4739,2082,2,39),(4740,2084,2,16),(4741,2086,2,6),(4742,2088,2,10),(4743,2090,2,18),(4744,2092,2,20),(4745,2094,2,6),(4746,2096,2,50),(4747,2098,2,5),(4748,2112,2,25),(4749,2114,2,43),(4750,2116,2,17),(4751,2117,2,45),(4752,2118,2,40),(4753,2119,2,30),(4754,2120,2,49),(4755,2121,2,15),(4756,2122,2,41),(4757,2123,2,1),(4758,2125,2,32),(4759,2127,2,38),(4760,2128,2,26),(4761,2130,2,48),(4762,2132,2,35),(4763,2134,2,48),(4764,2136,2,2),(4765,2138,2,8),(4766,2140,2,39),(4767,2142,2,14),(4768,2144,2,11),(4769,2146,2,31),(4770,2148,2,11),(4771,2150,2,34),(4772,2152,2,9),(4773,2154,2,29),(4774,2156,2,44),(4775,2159,2,30),(4776,2161,2,41),(4777,2163,2,16),(4778,2165,2,1),(4779,2167,2,21),(4780,2169,2,25),(4781,2171,2,27),(4782,1519,2,44),(4783,1523,2,15),(4784,1527,2,6),(4785,1531,2,29),(4786,1533,2,46),(4787,1533,2,32),(4788,1541,2,18),(4789,1544,2,28),(4790,1548,2,23),(4791,1552,2,1),(4792,1556,2,28),(4793,1560,2,29),(4794,1564,2,38),(4795,1568,2,2),(4796,1572,2,41),(4797,1576,2,2),(4798,1580,2,30),(4799,1584,2,18),(4800,1588,2,42),(4801,1592,2,17),(4802,1596,2,44),(4803,1600,2,43),(4804,1612,2,26),(4805,1616,2,5),(4806,1620,2,46),(4807,1624,2,41),(4808,1628,2,26),(4809,1632,2,34),(4810,1636,2,41),(4811,1639,2,26),(4812,1643,2,33),(4813,1646,2,32),(4814,1647,2,25),(4815,1649,2,2),(4816,1651,2,48),(4817,1653,2,28),(4818,1655,2,32),(4819,1657,2,22),(4820,1659,2,34),(4821,1661,2,28),(4822,1663,2,23),(4823,1665,2,8),(4824,1667,2,48),(4825,1669,2,21),(4826,1671,2,10),(4827,1673,2,14),(4828,1675,2,6),(4829,1677,2,44),(4830,1679,2,5),(4831,1682,2,22),(4832,1686,2,7),(4833,1690,2,49),(4834,1694,2,46),(4835,1698,2,48),(4836,1702,2,50),(4837,1706,2,16),(4838,1710,2,33),(4839,1714,2,1),(4840,1718,2,47),(4841,1722,2,17),(4842,1726,2,43),(4843,1730,2,1),(4844,1733,2,14),(4845,1735,2,17),(4846,1737,2,32),(4847,1739,2,13),(4848,1741,2,28),(4849,1743,2,23),(4850,1745,2,19),(4851,1747,2,16),(4852,1749,2,26),(4853,1751,2,40),(4854,1753,2,43),(4855,1755,2,35),(4856,1757,2,27),(4857,1759,2,24),(4858,1761,2,33),(4859,1764,2,12),(4860,1765,2,32),(4861,1767,2,42),(4862,1770,2,34),(4863,1772,2,16),(4864,1775,2,27),(4865,1780,2,7),(4866,1784,2,28),(4867,1787,2,26),(4868,1792,2,30),(4869,1796,2,18),(4870,1801,2,24),(4871,1807,2,45),(4872,1837,2,27),(4873,1841,2,29),(4874,1847,2,3),(4875,1847,2,45),(4876,1875,2,10),(4877,1878,2,30),(4878,2238,2,42),(4879,2240,2,1),(4880,2242,2,40),(4881,2244,2,10),(4882,2246,2,44),(4883,2248,2,39),(4884,2250,2,24),(4885,2252,2,19),(4886,2254,2,7),(4887,2256,2,1),(4888,2258,2,45),(4889,2260,2,8),(4890,2262,2,3),(4891,2264,2,39),(4892,2266,2,13),(4893,2268,2,50),(4894,2270,2,35),(4895,2272,2,45),(4896,2274,2,45),(4897,2276,2,49),(4898,2277,2,1),(4899,2279,2,42),(4900,2282,2,44),(4901,2284,2,12),(4902,2286,2,31),(4903,2288,2,46),(4904,2290,2,33),(4905,2292,2,7),(4906,2294,2,38),(4907,2296,2,9),(4908,2298,2,12),(4909,2300,2,18),(4910,2302,2,37),(4911,2304,2,20),(4912,2306,2,14),(4913,1683,2,32),(4914,1687,2,25),(4915,1691,2,30),(4916,1695,2,32),(4917,1699,2,29),(4918,1703,2,29),(4919,1707,2,1),(4920,1711,2,39),(4921,1715,2,8),(4922,1719,2,10),(4923,1723,2,14),(4924,1727,2,48),(4925,1731,2,11),(4926,1803,2,11),(4927,1808,2,34),(4928,1812,2,18),(4929,1816,2,47),(4930,1819,2,16),(4931,1819,2,41),(4932,1826,2,13),(4933,1829,2,17),(4934,1833,2,14),(4935,1842,2,35),(4936,1848,2,20),(4937,1851,2,32),(4938,1855,2,45),(4939,1858,2,36),(4940,1862,2,47),(4941,1865,2,42),(4942,1871,2,25),(4943,1882,2,30),(4944,1884,2,29),(4945,1887,2,47),(4946,1887,2,48),(4947,1893,2,19),(4948,1897,2,34),(4949,1901,2,7),(4950,1905,2,45),(4951,1907,2,10),(4952,1909,2,39),(4953,1911,2,25),(4954,1913,2,29),(4955,1916,2,50),(4956,1919,2,13),(4957,1923,2,2),(4958,1927,2,49),(4959,1931,2,36),(4960,1935,2,10),(4961,1939,2,28),(4962,1963,2,25),(4963,1966,2,16),(4964,1968,2,36),(4965,1970,2,17),(4966,1972,2,47),(4967,1974,2,36),(4968,1977,2,1),(4969,1979,2,19),(4970,1982,2,30),(4971,1984,2,6),(4972,1987,2,21),(4973,1990,2,11),(4974,1992,2,27),(4975,1996,2,23),(4976,2000,2,50),(4977,2005,2,5),(4978,2010,2,49),(4979,2014,2,27),(4980,2018,2,3),(4981,2022,2,31),(4982,2026,2,10),(4983,2029,2,48),(4984,2033,2,11),(4985,2037,2,45),(4986,2037,2,29),(4987,2041,2,42),(4988,2044,2,37),(4989,2048,2,48),(4990,2054,2,35),(4991,1971,2,27),(4992,1973,2,4),(4993,1975,2,35),(4994,1978,2,1),(4995,1981,2,27),(4996,1983,2,31),(4997,1985,2,8),(4998,1989,2,46),(4999,1991,2,6),(5000,1994,2,22),(5001,1998,2,10),(5002,2002,2,40),(5003,2008,2,13),(5004,2012,2,33),(5005,2016,2,26),(5006,2020,2,13),(5007,2024,2,7),(5008,2028,2,13),(5009,2031,2,34),(5010,2035,2,23),(5011,2038,2,17),(5012,2040,2,27),(5013,2043,2,9),(5014,2046,2,13),(5015,2050,2,2),(5016,2052,2,14),(5017,2056,2,22),(5018,2060,2,36),(5019,2062,2,9),(5020,2062,2,40),(5021,2067,2,2),(5022,2069,2,28),(5023,2071,2,32),(5024,2075,2,29),(5025,2079,2,45),(5026,2083,2,24),(5027,2083,2,43),(5028,2334,2,38),(5029,2339,2,18),(5030,2345,2,12),(5031,2348,2,47),(5032,2350,2,50),(5033,2352,2,40),(5034,2354,2,14),(5035,2356,2,31),(5036,2358,2,40),(5037,2360,2,35),(5038,2362,2,15),(5039,2364,2,4),(5040,2366,2,33),(5041,2368,2,45),(5042,2370,2,32),(5043,2372,2,13),(5044,2374,2,46),(5045,2376,2,22),(5046,2378,2,44),(5047,2380,2,18),(5048,2382,2,22),(5049,2384,2,16),(5050,2386,2,17),(5051,2388,2,7),(5052,2390,2,41),(5053,2391,2,25),(5054,2393,2,1),(5055,2395,2,49),(5056,2397,2,42),(5057,2399,2,6),(5058,2401,2,23),(5059,2403,2,38),(5060,2405,2,47),(5061,2407,2,35),(5062,2175,2,33),(5063,2175,2,25),(5064,2179,2,23),(5065,2181,2,9),(5066,2183,2,44),(5067,2185,2,13),(5068,2188,2,49),(5069,2190,2,2),(5070,2191,2,46),(5071,2193,2,9),(5072,2195,2,20),(5073,2198,2,46),(5074,2200,2,38),(5075,2202,2,30),(5076,2204,2,2),(5077,2206,2,36),(5078,2208,2,29),(5079,2210,2,50),(5080,2212,2,6),(5081,2214,2,49),(5082,2216,2,21),(5083,2217,2,45),(5084,2218,2,19),(5085,2219,2,42),(5086,2220,2,37),(5087,2221,2,42),(5088,2222,2,27),(5089,2223,2,30),(5090,2224,2,36),(5091,2224,2,6),(5092,2226,2,19),(5093,2227,2,47),(5094,2228,2,2),(5095,2229,2,50),(5096,2231,2,19),(5097,2233,2,16),(5098,2235,2,3),(5099,2237,2,37),(5100,2504,2,7),(5101,2508,2,40),(5102,2512,2,29),(5103,2516,2,18),(5104,2547,2,11),(5105,2549,2,16),(5106,2551,2,36),(5107,2553,2,19),(5108,2555,2,1),(5109,2557,2,24),(5110,2559,2,32),(5111,2561,2,26),(5112,2563,2,29),(5113,2565,2,23),(5114,2567,2,38),(5115,2569,2,26),(5116,2570,2,44),(5117,2571,2,4),(5118,2572,2,47),(5119,2573,2,42),(5120,2574,2,5),(5121,2575,2,50),(5122,2576,2,34),(5123,2577,2,33),(5124,2578,2,35),(5125,2579,2,44),(5126,2580,2,42),(5127,2581,2,21),(5128,2582,2,25),(5129,2583,2,13),(5130,2585,2,22),(5131,2586,2,26),(5132,2588,2,14),(5133,2590,2,5),(5134,2591,2,42),(5135,2592,2,7),(5136,2593,2,7),(5137,2595,2,49),(5138,2596,2,16),(5139,2598,2,23),(5140,2599,2,38),(5141,2601,2,50),(5142,2603,2,13),(5143,2605,2,20),(5144,2607,2,4),(5145,2610,2,3),(5146,2611,2,9),(5147,2612,2,38),(5148,2613,2,13),(5149,2614,2,9),(5150,2615,2,44),(5151,2617,2,21),(5152,2619,2,11),(5153,2621,2,43),(5154,2625,2,49),(5155,2627,2,32),(5156,2633,2,1),(5157,2635,2,38),(5158,2637,2,3),(5159,2639,2,36),(5160,2641,2,35),(5161,2642,2,9),(5162,2643,2,2),(5163,2646,2,23),(5164,2648,2,45),(5165,2650,2,2),(5166,2652,2,28),(5167,2654,2,32),(5168,2656,2,32),(5169,2657,2,50),(5170,2658,2,17),(5171,2660,2,42),(5172,2662,2,36),(5173,2664,2,15),(5174,2666,2,48),(5175,2667,2,45),(5176,2668,2,14),(5177,2670,2,4),(5178,2672,2,15),(5179,2674,2,12),(5180,2676,2,10),(5181,2678,2,48),(5182,2680,2,28),(5183,2685,2,13),(5184,2686,2,26),(5185,2688,2,11),(5186,2690,2,25),(5187,2692,2,50),(5188,2694,2,18),(5189,2695,2,37),(5190,2696,2,11),(5191,2699,2,9),(5192,2701,2,42),(5193,2702,2,2),(5194,2704,2,13),(5195,2706,2,30),(5196,2707,2,31),(5197,2709,2,1),(5198,2711,2,11),(5199,2713,2,44),(5200,2714,2,50),(5201,2715,2,5),(5202,2716,2,11),(5203,2717,2,17),(5204,2719,2,42),(5205,2721,2,20),(5206,2723,2,17),(5207,2308,2,50),(5208,2310,2,44),(5209,2312,2,47),(5210,2314,2,14),(5211,2319,2,50),(5212,2321,2,14),(5213,2323,2,44),(5214,2325,2,42),(5215,2327,2,11),(5216,2329,2,26),(5217,2331,2,28),(5218,2333,2,22),(5219,2337,2,20),(5220,2340,2,10),(5221,2346,2,37),(5222,2394,2,36),(5223,2398,2,5),(5224,2400,2,9),(5225,2402,2,8),(5226,2406,2,27),(5227,2410,2,16),(5228,2412,2,8),(5229,2414,2,25),(5230,2418,2,28),(5231,2422,2,3),(5232,2430,2,40),(5233,2433,2,4),(5234,2435,2,42),(5235,2437,2,22),(5236,2439,2,43),(5237,2441,2,34),(5238,2446,2,50),(5239,2448,2,37),(5240,2450,2,26),(5241,2452,2,32),(5242,2454,2,49),(5243,2456,2,50),(5244,2458,2,35),(5245,2460,2,26),(5246,2465,2,32),(5247,2468,2,19),(5248,2469,2,44),(5249,2470,2,49),(5250,2473,2,41),(5251,2474,2,45),(5252,2476,2,20),(5253,2477,2,28),(5254,2477,2,21),(5255,2480,2,30),(5256,2482,2,41),(5257,2483,2,13),(5258,2485,2,50),(5259,2491,2,24),(5260,2494,2,28),(5261,2495,2,37),(5262,2497,2,26),(5263,2498,2,24),(5264,2500,2,43),(5265,2501,2,31),(5266,2503,2,25),(5267,2068,2,20),(5268,2070,2,40),(5269,2074,2,32),(5270,2077,2,39),(5271,2081,2,34),(5272,2085,2,50),(5273,2089,2,9),(5274,2091,2,16),(5275,2093,2,10),(5276,2095,2,45),(5277,2097,2,48),(5278,2099,2,20),(5279,2100,2,20),(5280,2101,2,42),(5281,2102,2,27),(5282,2103,2,5),(5283,2104,2,28),(5284,2105,2,15),(5285,2106,2,7),(5286,2107,2,24),(5287,2108,2,44),(5288,2109,2,27),(5289,2110,2,33),(5290,2111,2,25),(5291,2113,2,5),(5292,2115,2,27),(5293,2330,2,2),(5294,2332,2,17),(5295,2336,2,14),(5296,2341,2,16),(5297,2343,2,19),(5298,2347,2,15),(5299,2349,2,29),(5300,2351,2,33),(5301,2353,2,40),(5302,2355,2,8),(5303,2357,2,36),(5304,2359,2,29),(5305,2361,2,30),(5306,2363,2,41),(5307,2365,2,32),(5308,2367,2,39),(5309,2369,2,25),(5310,2371,2,50),(5311,2373,2,1),(5312,2375,2,49),(5313,2377,2,50),(5314,2379,2,5),(5315,2381,2,25),(5316,2383,2,5),(5317,2385,2,7),(5318,2387,2,19),(5319,2389,2,28),(5320,2409,2,39),(5321,2411,2,40),(5322,2413,2,36),(5323,2415,2,8),(5324,2417,2,10),(5325,2419,2,3),(5326,2421,2,47),(5327,2423,2,41),(5328,2425,2,45),(5329,2427,2,9),(5330,2429,2,29),(5331,2431,2,8),(5332,2173,2,25),(5333,2174,2,47),(5334,2176,2,48),(5335,2178,2,5),(5336,2180,2,37),(5337,2182,2,45),(5338,2184,2,27),(5339,2186,2,46),(5340,2187,2,47),(5341,2187,2,40),(5342,2192,2,30),(5343,2194,2,3),(5344,2196,2,5),(5345,2197,2,32),(5346,2199,2,9),(5347,2201,2,4),(5348,2203,2,24),(5349,2205,2,38),(5350,2207,2,15),(5351,2209,2,15),(5352,2211,2,50),(5353,2213,2,46),(5354,2215,2,43),(5355,2230,2,26),(5356,2232,2,2),(5357,2234,2,22),(5358,2236,2,30),(5359,2467,2,4),(5360,2472,2,28),(5361,2475,2,30),(5362,2478,2,41),(5363,2481,2,44),(5364,2484,2,31),(5365,2487,2,23),(5366,2490,2,17),(5367,2493,2,32),(5368,2496,2,47),(5369,2499,2,26),(5370,2502,2,9),(5371,2507,2,42),(5372,2510,2,13),(5373,2514,2,1),(5374,2518,2,50),(5375,2520,2,16),(5376,2521,2,27),(5377,2523,2,27),(5378,2526,2,34),(5379,2529,2,25),(5380,2532,2,26),(5381,2534,2,41),(5382,2536,2,33),(5383,2537,2,38),(5384,2539,2,3),(5385,2541,2,50),(5386,2543,2,9),(5387,2545,2,19),(5388,2546,2,50),(5389,2548,2,38),(5390,2550,2,39),(5391,2552,2,15),(5392,2554,2,18),(5393,2556,2,38),(5394,2558,2,32),(5395,2560,2,11),(5396,2562,2,5),(5397,2564,2,8),(5398,2566,2,49),(5399,2568,2,17);
/*!40000 ALTER TABLE `Book_copies` ENABLE KEYS */;
UNLOCK TABLES;

--
-- Table structure for table `Book_loans`
--

DROP TABLE IF EXISTS `Book_loans`;
/*!40101 SET @saved_cs_client     = @@character_set_client */;
/*!50503 SET character_set_client = utf8mb4 */;
CREATE TABLE `Book_loans` (
  `id` int NOT NULL AUTO_INCREMENT,
  `library_branch_id` int NOT NULL,
  `borrower_cardNo` varchar(16) DEFAULT '0F570CF13',
  `book_id` int DEFAULT '1',
  `date_out` datetime NOT NULL,
  `due_date` datetime NOT NULL,
  PRIMARY KEY (`id`),
  KEY `library_branch_id` (`library_branch_id`),
  KEY `borrower_cardNo` (`borrower_cardNo`),
  KEY `book_id` (`book_id`),
  CONSTRAINT `Book_loans_ibfk_1` FOREIGN KEY (`library_branch_id`) REFERENCES `Library_branch` (`id`) ON DELETE CASCADE,
  CONSTRAINT `Book_loans_ibfk_2` FOREIGN KEY (`borrower_cardNo`) REFERENCES `Borrower` (`cardNo`) ON DELETE CASCADE,
  CONSTRAINT `Book_loans_ibfk_3` FOREIGN KEY (`book_id`) REFERENCES `Book` (`id`) ON DELETE CASCADE
) ENGINE=InnoDB AUTO_INCREMENT=101 DEFAULT CHARSET=utf8mb4 COLLATE=utf8mb4_0900_ai_ci;
/*!40101 SET character_set_client = @saved_cs_client */;

--
-- Dumping data for table `Book_loans`
--

LOCK TABLES `Book_loans` WRITE;
/*!40000 ALTER TABLE `Book_loans` DISABLE KEYS */;
INSERT INTO `Book_loans` VALUES (1,1,'09F8CC8AA',2622,'2022-09-16 00:00:00','2022-09-30 00:00:00'),(2,1,'04C660971',2622,'2022-09-16 00:00:00','2022-09-30 00:00:00'),(3,1,'0F3AA2F52',298,'2022-09-16 00:00:00','2022-09-30 00:00:00'),(4,1,'04DD13891',221,'2022-09-16 00:00:00','2022-09-30 00:00:00'),(5,1,'01F89615A',2626,'2022-09-16 00:00:00','2022-09-30 00:00:00'),(6,1,'0DEAE09D5',221,'2022-09-16 00:00:00','2022-09-30 00:00:00'),(7,1,'0E6A5774E',2467,'2022-09-16 00:00:00','2022-09-30 00:00:00'),(8,1,'08C966D81',2560,'2022-09-16 00:00:00','2022-09-30 00:00:00'),(9,1,'06D500BD8',2197,'2022-09-16 00:00:00','2022-09-30 00:00:00'),(10,1,'09B874547',2199,'2022-09-16 00:00:00','2022-09-30 00:00:00'),(11,1,'009BA02DC',2201,'2022-09-16 00:00:00','2022-09-30 00:00:00'),(12,1,'05DFA45D4',2203,'2022-09-16 00:00:00','2022-09-30 00:00:00'),(13,1,'0AB71870C',2205,'2022-09-16 00:00:00','2022-09-30 00:00:00'),(14,1,'068D5783D',2207,'2022-09-16 00:00:00','2022-09-30 00:00:00'),(15,1,'0F3FB962F',2209,'2022-09-16 00:00:00','2022-09-30 00:00:00'),(16,1,'025344111',2467,'2022-09-16 00:00:00','2022-09-30 00:00:00'),(17,1,'02B793358',2205,'2022-09-16 00:00:00','2022-09-30 00:00:00'),(18,1,'05BEE72AC',2236,'2022-09-16 00:00:00','2022-09-30 00:00:00'),(19,1,'09C19BEC6',2467,'2022-09-16 00:00:00','2022-09-30 00:00:00'),(20,1,'0CF236C48',2472,'2022-09-16 00:00:00','2022-09-30 00:00:00'),(21,1,'03EFEB2B0',2475,'2022-09-16 00:00:00','2022-09-30 00:00:00'),(22,1,'0326D315E',2478,'2022-09-16 00:00:00','2022-09-30 00:00:00'),(23,1,'05E396815',2481,'2022-09-16 00:00:00','2022-09-30 00:00:00'),(24,1,'0EC0C4BAB',2484,'2022-09-16 00:00:00','2022-09-30 00:00:00'),(25,1,'081DEF607',417,'2022-09-16 00:00:00','2022-09-30 00:00:00'),(26,1,'049B2625D',419,'2022-09-16 00:00:00','2022-09-30 00:00:00'),(27,1,'0E1C83CF2',422,'2022-09-16 00:00:00','2022-09-30 00:00:00'),(28,1,'00D6D641F',424,'2022-09-16 00:00:00','2022-09-30 00:00:00'),(29,1,'0CDCFCBF5',427,'2022-09-16 00:00:00','2022-09-30 00:00:00'),(30,1,'07B29A8EF',429,'2022-09-16 00:00:00','2022-09-30 00:00:00'),(31,1,'0807795DA',429,'2022-09-16 00:00:00','2022-09-30 00:00:00'),(32,1,'03CF64C09',435,'2022-09-16 00:00:00','2022-09-30 00:00:00'),(33,1,'06E674D74',438,'2022-09-16 00:00:00','2022-09-30 00:00:00'),(34,1,'0BA00BE84',2552,'2022-09-16 00:00:00','2022-09-30 00:00:00'),(35,1,'0DDE8820A',2554,'2022-09-16 00:00:00','2022-09-30 00:00:00'),(36,1,'0FFE29429',2556,'2022-09-16 00:00:00','2022-09-30 00:00:00'),(37,1,'012550752',2558,'2022-09-16 00:00:00','2022-09-30 00:00:00'),(38,1,'02DF71140',2560,'2022-09-16 00:00:00','2022-09-30 00:00:00'),(39,1,'06BA87DBA',2562,'2022-09-16 00:00:00','2022-09-30 00:00:00'),(40,1,'062A82B50',2682,'2022-09-16 00:00:00','2022-09-30 00:00:00'),(41,1,'0CE3CD29C',2683,'2022-09-16 00:00:00','2022-09-30 00:00:00'),(42,1,'0C8C5F7BF',2684,'2022-09-16 00:00:00','2022-09-30 00:00:00'),(43,1,'0BDDB42A5',877,'2022-09-16 00:00:00','2022-09-30 00:00:00'),(44,1,'0B77BEF86',879,'2022-09-16 00:00:00','2022-09-30 00:00:00'),(45,1,'09DF2A31A',880,'2022-09-16 00:00:00','2022-09-30 00:00:00'),(46,1,'014845BF2',882,'2022-09-16 00:00:00','2022-09-30 00:00:00'),(47,1,'086B8F0CE',393,'2022-09-16 00:00:00','2022-09-30 00:00:00'),(48,1,'0EE0EC06E',396,'2022-09-16 00:00:00','2022-09-30 00:00:00'),(49,1,'099DB0A84',399,'2022-09-16 00:00:00','2022-09-30 00:00:00'),(50,1,'0F061F1C6',402,'2022-09-16 00:00:00','2022-09-30 00:00:00'),(51,1,'0172E6FE9',27,'2022-09-16 00:00:00','2022-09-30 00:00:00'),(52,1,'0F570CF13',2385,'2022-09-16 00:00:00','2022-09-30 00:00:00'),(53,1,'08B107947',2387,'2022-09-16 00:00:00','2022-09-30 00:00:00'),(54,1,'0DE86080B',2389,'2022-09-16 00:00:00','2022-09-30 00:00:00'),(55,1,'04890AC02',2409,'2022-09-16 00:00:00','2022-09-30 00:00:00'),(56,1,'085424977',2411,'2022-09-16 00:00:00','2022-09-30 00:00:00'),(57,1,'05164B5C9',2413,'2022-09-16 00:00:00','2022-09-30 00:00:00'),(58,1,'0D2FDFCFD',2415,'2022-09-16 00:00:00','2022-09-30 00:00:00'),(59,1,'0715A8AA1',2417,'2022-09-16 00:00:00','2022-09-30 00:00:00'),(60,1,'09C6FF3D9',1772,'2022-09-16 00:00:00','2022-09-30 00:00:00'),(61,1,'066AF5970',1775,'2022-09-16 00:00:00','2022-09-30 00:00:00'),(62,1,'064FC5B28',1780,'2022-09-16 00:00:00','2022-09-30 00:00:00'),(63,1,'0A2EC6E94',1784,'2022-09-16 00:00:00','2022-09-30 00:00:00'),(64,1,'0CF5465B6',1787,'2022-09-16 00:00:00','2022-09-30 00:00:00'),(65,1,'06805552F',1792,'2022-09-16 00:00:00','2022-09-30 00:00:00'),(66,1,'014A45D73',1796,'2022-09-16 00:00:00','2022-09-30 00:00:00'),(67,1,'0E9F0D9C0',1801,'2022-09-16 00:00:00','2022-09-30 00:00:00'),(68,1,'0E64D8110',1807,'2022-09-16 00:00:00','2022-09-30 00:00:00'),(69,1,'05F749020',1837,'2022-09-16 00:00:00','2022-09-30 00:00:00'),(70,1,'0BB740766',1841,'2022-09-16 00:00:00','2022-09-30 00:00:00'),(71,2,'0E9972B19',1847,'2022-09-16 00:00:00','2022-09-30 00:00:00'),(72,2,'087E982A4',1847,'2022-09-16 00:00:00','2022-09-30 00:00:00'),(73,2,'0ACCF740A',1875,'2022-09-16 00:00:00','2022-09-30 00:00:00'),(74,2,'0F32DA143',2600,'2022-09-16 00:00:00','2022-09-30 00:00:00'),(75,2,'057413510',281,'2022-09-16 00:00:00','2022-09-30 00:00:00'),(76,2,'0CC65C358',310,'2022-09-16 00:00:00','2022-09-30 00:00:00'),(77,2,'0C74C811F',130,'2022-09-16 00:00:00','2022-09-30 00:00:00'),(78,2,'00CE96154',98,'2022-09-16 00:00:00','2022-09-30 00:00:00'),(79,2,'0D47DEA04',823,'2022-09-16 00:00:00','2022-09-30 00:00:00'),(80,2,'01AB7BB06',50,'2022-09-16 00:00:00','2022-09-30 00:00:00'),(81,2,'081CE177B',2197,'2022-09-16 00:00:00','2022-09-30 00:00:00'),(82,2,'0E966B36D',2199,'2022-09-16 00:00:00','2022-09-30 00:00:00'),(83,2,'0923D2091',2201,'2022-09-16 00:00:00','2022-09-30 00:00:00'),(84,2,'026929948',2203,'2022-09-16 00:00:00','2022-09-30 00:00:00'),(85,2,'0FE976CA4',363,'2022-09-16 00:00:00','2022-09-30 00:00:00'),(86,2,'030D5490D',2428,'2022-09-16 00:00:00','2022-09-30 00:00:00'),(87,2,'0B6763DDE',2628,'2022-09-16 00:00:00','2022-09-30 00:00:00'),(88,2,'0F570CF13',2629,'2022-09-16 00:00:00','2022-09-30 00:00:00'),(89,2,'0579D086B',2630,'2022-09-16 00:00:00','2022-09-30 00:00:00'),(90,2,'06D5583D2',2631,'2022-09-16 00:00:00','2022-09-30 00:00:00'),(91,2,'06007F30C',2632,'2022-09-16 00:00:00','2022-09-30 00:00:00'),(92,1,'0561EF183',2663,'2022-09-16 00:00:00','2022-09-30 00:00:00'),(93,1,'08E0F1CA5',2665,'2022-09-16 00:00:00','2022-09-30 00:00:00'),(94,1,'082F21668',2669,'2022-09-16 00:00:00','2022-09-30 00:00:00'),(95,1,'05AD5E18C',2671,'2022-09-16 00:00:00','2022-09-30 00:00:00'),(96,1,'0B6F96CE8',2673,'2022-09-16 00:00:00','2022-09-30 00:00:00'),(97,1,'06A8012C0',2675,'2022-09-16 00:00:00','2022-09-30 00:00:00'),(98,1,'091593802',2677,'2022-09-16 00:00:00','2022-09-30 00:00:00'),(99,1,'081A4E317',2679,'2022-09-16 00:00:00','2022-09-30 00:00:00'),(100,1,'03F9F30B8',2681,'2022-09-16 00:00:00','2022-09-30 00:00:00');
/*!40000 ALTER TABLE `Book_loans` ENABLE KEYS */;
UNLOCK TABLES;

--
-- Table structure for table `Borrower`
--

DROP TABLE IF EXISTS `Borrower`;
/*!40101 SET @saved_cs_client     = @@character_set_client */;
/*!50503 SET character_set_client = utf8mb4 */;
CREATE TABLE `Borrower` (
  `cardNo` varchar(16) NOT NULL,
  `first_name` varchar(45) NOT NULL,
  `last_name` varchar(45) DEFAULT NULL,
  PRIMARY KEY (`cardNo`)
) ENGINE=InnoDB DEFAULT CHARSET=utf8mb4 COLLATE=utf8mb4_0900_ai_ci;
/*!40101 SET character_set_client = @saved_cs_client */;

--
-- Dumping data for table `Borrower`
--

LOCK TABLES `Borrower` WRITE;
/*!40000 ALTER TABLE `Borrower` DISABLE KEYS */;
INSERT INTO `Borrower` VALUES ('009BA02DC','Gerrard','House'),('00CE96154','Kelvin','Firth'),('00D6D641F','Brad','Herrera'),('012550752','Steffan','Dejesus'),('014845BF2','Roberto','Vargas'),('014A45D73','Menaal','Stokes'),('0172E6FE9','Theodora','Torres'),('01AB7BB06','Kenya','Gaines'),('01F89615A','Karter','Molloy'),('025344111','Cruz','Jimenez'),('026929948','Cadence','Fulton'),('02B793358','Kamal','Power'),('02DF71140','Catriona','Bradley'),('030D5490D','Vicky','Graham'),('0326D315E','Marcos','Hinton'),('03CF64C09','Avi','Cowan'),('03EFEB2B0','Kajol','Ewing'),('03F9F30B8','Forrest','Stark'),('04890AC02','Ada','White'),('049B2625D','Emilija','Levine'),('04C660971','Arran','Vazquez'),('04DD13891','Alesha','Wang'),('05164B5C9','Davey','O\'Neill'),('0561EF183','Evalyn','Ahmed'),('057413510','Keane','Sims'),('0579D086B','Larry','Wiggins'),('05AD5E18C','Carlton','Beard'),('05BEE72AC','Marcia','Clay'),('05DFA45D4','Veronika','Case'),('05E396815','Fintan','Bowes'),('05F749020','Roxanne','Langley'),('06007F30C','Asif','Wormald'),('062A82B50','Emilee','Reeves'),('064FC5B28','Haiden','Dale'),('066AF5970','Norman','Vaughn'),('06805552F','Karam','Nash'),('068D5783D','Farhan','Owen'),('06A8012C0','Herman','Glass'),('06BA87DBA','Teejay','Nolan'),('06D500BD8','Valentino','Maynard'),('06D5583D2','Maddox','Ramirez'),('06E674D74','Rosalind','Pritchard'),('0715A8AA1','Storm','Woodcock'),('07B29A8EF','Dionne','Montgomery'),('0807795DA','Kallum','Davey'),('081A4E317','Giorgio','Harrington'),('081CE177B','Rhiana','Lake'),('081DEF607','Jenson','Young'),('082F21668','Huw','Nichols'),('085424977','Jan','Thorne'),('086B8F0CE','Aliesha','Conroy'),('087E982A4','Virginia','Rush'),('08B107947','Rowan','Connor'),('08C966D81','Jake','Rosales'),('08E0F1CA5','Umar','Trejo'),('091593802','Seb','Roche'),('0923D2091','Syed','Merrill'),('099DB0A84','Lacie','Person'),('09B874547','Matthias','Giles'),('09C19BEC6','Damien','Whitworth'),('09C6FF3D9','Pharrell','Norman'),('09DF2A31A','Hattie','Enriquez'),('09F8CC8AA','Sade','Davison'),('0A2EC6E94','Ayra','Lynn'),('0AB71870C','Reef','Stephens'),('0ACCF740A','Meghan','Walsh'),('0B172E000','Aairah`','Knowles'),('0B6763DDE','Boris','Rawlings'),('0B6F96CE8','Dora','Thornton'),('0B77BEF86','Callie','Herring'),('0BA00BE84','Tai','Nielsen'),('0BB740766','Aditi','Mccartney'),('0BDDB42A5','Rhia','Spooner'),('0C74C811F','Amrita','Harrison'),('0C8C5F7BF','Allan','Mccann'),('0CC65C358','Selena','Corrigan'),('0CDCFCBF5','Ashlee','Markham'),('0CE3CD29C','Geraldine','Hess'),('0CF236C48','Kinga','Barrow'),('0CF5465B6','Colby','Alvarado'),('0D2FDFCFD','Karl','Reeve'),('0D47DEA04','Connie','Conley'),('0DDE8820A','Camille','North'),('0DE86080B','Jobe','Underwood'),('0DEAE09D5','Alessandra','Newman'),('0E1C83CF2','Graeme','Mcculloch'),('0E64D8110','Marta','Schofield'),('0E6A5774E','Heidi','Haynes'),('0E966B36D','Vihaan','Tapia'),('0E9972B19','Fiza','Pollard'),('0E9F0D9C0','Saoirse','Lynch'),('0EC0C4BAB','Valerie','Rogers'),('0EE0EC06E','Chiara','Broughton'),('0F061F1C6','Dexter','Hill'),('0F32DA143','Aine','Berg'),('0F3AA2F52','Inez','Key'),('0F3FB962F','Louis','Trujillo'),('0F570CF13','Alyce','Ochoa'),('0FE976CA4','Arfa','Wu'),('0FFE29429','Aqsa','Hibbert');
/*!40000 ALTER TABLE `Borrower` ENABLE KEYS */;
UNLOCK TABLES;

--
-- Table structure for table `Library_branch`
--

DROP TABLE IF EXISTS `Library_branch`;
/*!40101 SET @saved_cs_client     = @@character_set_client */;
/*!50503 SET character_set_client = utf8mb4 */;
CREATE TABLE `Library_branch` (
  `id` int NOT NULL AUTO_INCREMENT,
  `name` varchar(100) NOT NULL,
  `adress` varchar(255) NOT NULL,
  PRIMARY KEY (`id`)
) ENGINE=InnoDB AUTO_INCREMENT=3 DEFAULT CHARSET=utf8mb4 COLLATE=utf8mb4_0900_ai_ci;
/*!40101 SET character_set_client = @saved_cs_client */;

--
-- Dumping data for table `Library_branch`
--

LOCK TABLES `Library_branch` WRITE;
/*!40000 ALTER TABLE `Library_branch` DISABLE KEYS */;
INSERT INTO `Library_branch` VALUES (1,'Masina','C/ Masina'),(2,'Gombe','C/ Gombe');
/*!40000 ALTER TABLE `Library_branch` ENABLE KEYS */;
UNLOCK TABLES;

--
-- Table structure for table `Publisher`
--

DROP TABLE IF EXISTS `Publisher`;
/*!40101 SET @saved_cs_client     = @@character_set_client */;
/*!50503 SET character_set_client = utf8mb4 */;
CREATE TABLE `Publisher` (
  `id` int NOT NULL AUTO_INCREMENT,
  `first_name` varchar(100) NOT NULL,
  `last_name` varchar(100) DEFAULT NULL,
  `email` varchar(45) DEFAULT NULL,
  PRIMARY KEY (`id`)
) ENGINE=InnoDB AUTO_INCREMENT=305 DEFAULT CHARSET=utf8mb4 COLLATE=utf8mb4_0900_ai_ci;
/*!40101 SET character_set_client = @saved_cs_client */;

--
-- Dumping data for table `Publisher`
--

LOCK TABLES `Publisher` WRITE;
/*!40000 ALTER TABLE `Publisher` DISABLE KEYS */;
INSERT INTO `Publisher` VALUES (1,'A pas de loups',NULL,NULL),(2,'A2MIMO',NULL,NULL),(3,'ABC Melody',NULL,NULL),(4,'ACCES',NULL,NULL),(5,'Actes Sud',NULL,NULL),(6,'Actes sud junior',NULL,NULL),(7,'Aedis',NULL,NULL),(8,'Albin Michel',NULL,NULL),(9,'Albin Michel jeunesse',NULL,NULL),(10,'Aldéran édition',NULL,NULL),(11,'Alice',NULL,NULL),(12,'Alice jeunesse',NULL,NULL),(13,'Alkindi',NULL,NULL),(14,'Almaterra',NULL,NULL),(15,'Alyssa',NULL,NULL),(16,'Amaterra',NULL,NULL),(17,'AND',NULL,NULL),(18,'ANLCI',NULL,NULL),(19,'Après la lune jeunesse',NULL,NULL),(20,'Assoc fr pour la lecture',NULL,NULL),(21,'Assoc. Paris-musées',NULL,NULL),(22,'Association Afflux',NULL,NULL),(23,'Atelier du poisson soluble',NULL,NULL),(24,'Atelier du poissson soluble',NULL,NULL),(25,'Atelier du Scribe',NULL,NULL),(26,'Auto production',NULL,NULL),(27,'Autrement',NULL,NULL),(28,'Autrement jeunesse',NULL,NULL),(29,'Balivernes',NULL,NULL),(30,'Balzane',NULL,NULL),(31,'Bayard',NULL,NULL),(32,'Bayard jeunesse',NULL,NULL),(33,'Belin',NULL,NULL),(34,'Belin jeunesse',NULL,NULL),(35,'Belize',NULL,NULL),(36,'Benoît Jacques',NULL,NULL),(37,'Benoît Jacques Books',NULL,NULL),(38,'bib.municip Paris',NULL,NULL),(39,'Bibliothèque de Toulouse',NULL,NULL),(40,'Bilboquet',NULL,NULL),(41,'Biscoto',NULL,NULL),(42,'BNF',NULL,NULL),(43,'Bruno Doucey',NULL,NULL),(44,'Bulles de savon',NULL,NULL),(45,'Cadex',NULL,NULL),(46,'Cahiers du CRILJ n° 10',NULL,NULL),(47,'Cahiers du CRILJ n° 3',NULL,NULL),(48,'Cahiers du CRILJ n° 4',NULL,NULL),(49,'Cahiers du CRILJ n° 5',NULL,NULL),(50,'Cahiers du CRILJ n° 7',NULL,NULL),(51,'Cahiers du CRILJ n°8',NULL,NULL),(52,'Calmann-Lévy',NULL,NULL),(53,'Cambourakis',NULL,NULL),(54,'Casterman',NULL,NULL),(55,'Castor benjamin',NULL,NULL),(56,'Castor poche',NULL,NULL),(57,'Catalpas',NULL,NULL),(58,'CCMDE',NULL,NULL),(59,'Centre Georges Pompidou',NULL,NULL),(60,'Cercle de la librairie',NULL,NULL),(61,'Chan-Ok',NULL,NULL),(62,'Cherche-midi',NULL,NULL),(63,'Cheyne',NULL,NULL),(64,'Cipango',NULL,NULL),(65,'Circé',NULL,NULL),(66,'Circonflexe',NULL,NULL),(67,'CLAP Midi-Pyrénées',NULL,NULL),(68,'Compagnie créative',NULL,NULL),(69,'Cornélius',NULL,NULL),(70,'Corps puce',NULL,NULL),(71,'Courtes et longues',NULL,NULL),(72,'Dapper',NULL,NULL),(73,'De facto',NULL,NULL),(74,'De la Martinière',NULL,NULL),(75,'De la Martinière jeunesse',NULL,NULL),(76,'Des Eléphants',NULL,NULL),(77,'Des Idées et des Hommes',NULL,NULL),(78,'Didier',NULL,NULL),(79,'Didier jeunesse',NULL,NULL),(80,'Dominique et cie',NULL,NULL),(81,'Donner à voir',NULL,NULL),(82,'Duculot Casterman',NULL,NULL),(83,'Ecole Centre Montauban',NULL,NULL),(84,'Ecole des loisirs',NULL,NULL),(85,'Ed Corps Puce',NULL,NULL),(86,'Ed Quart monde',NULL,NULL),(87,'Ed. des Elephants',NULL,NULL),(88,'Ed. des Elephants/Amnesty',NULL,NULL),(89,'Ed. du Jasmin',NULL,NULL),(90,'Edition des Monts',NULL,NULL),(91,'Editions de la Balle',NULL,NULL),(92,'Editions du Jasmin',NULL,NULL),(93,'Education Nationale',NULL,NULL),(94,'Elan vert',NULL,NULL),(95,'Encore une fois',NULL,NULL),(96,'ERES',NULL,NULL),(97,'Escabelle',NULL,NULL),(98,'Esperluète',NULL,NULL),(99,'Etre',NULL,NULL),(100,'Eyrolles',NULL,NULL),(101,'Flammarion',NULL,NULL),(102,'Flammarion jeunesse',NULL,NULL),(103,'FLBLB',NULL,NULL),(104,'Fleurus',NULL,NULL),(105,'Flies France',NULL,NULL),(106,'FOL de l\'Ardèche',NULL,NULL),(107,'Folio junior',NULL,NULL),(108,'Folle avoine',NULL,NULL),(109,'Fond. BNP',NULL,NULL),(110,'France Loisirs',NULL,NULL),(111,'Frimousse',NULL,NULL),(112,'GAEL',NULL,NULL),(113,'Galeri Minyatür',NULL,NULL),(114,'Gallimard',NULL,NULL),(115,'Gallimard jeunesse',NULL,NULL),(116,'Gautier-Languereau',NULL,NULL),(117,'Grandir',NULL,NULL),(118,'Grasset',NULL,NULL),(119,'Grasset jeunesse',NULL,NULL),(120,'Gros textes',NULL,NULL),(121,'Gründ',NULL,NULL),(122,'Gulf Stream',NULL,NULL),(123,'Hachette',NULL,NULL),(124,'Hachette jeunesse',NULL,NULL),(125,'Hatier',NULL,NULL),(126,'Hatier jeunesse',NULL,NULL),(127,'Hatier poche',NULL,NULL),(128,'Helium',NULL,NULL),(129,'Hélium',NULL,NULL),(130,'Hoëbeke',NULL,NULL),(131,'Hong Fei',NULL,NULL),(132,'Hongfei',NULL,NULL),(133,'Il était deux fois',NULL,NULL),(134,'Jean-Pierre Delarge',NULL,NULL),(135,'Kalandraka',NULL,NULL),(136,'Kate\'art',NULL,NULL),(137,'Kid Pocket',NULL,NULL),(138,'Kilowatt',NULL,NULL),(139,'Kimane',NULL,NULL),(140,'Krom Sakamapheap',NULL,NULL),(141,'L\'agrume',NULL,NULL),(142,'L\'art à la page',NULL,NULL),(143,'L\'Edune',NULL,NULL),(144,'L\'élan vert',NULL,NULL),(145,'L\'Harmattan',NULL,NULL),(146,'L\'Hydre',NULL,NULL),(147,'L\'idée bleue',NULL,NULL),(148,'L\'iroli',NULL,NULL),(149,'La Bagnole',NULL,NULL),(150,'La cabane sur le chien',NULL,NULL),(151,'La compagnie Créative',NULL,NULL),(152,'La Découverte poche',NULL,NULL),(153,'La joie de lire',NULL,NULL),(154,'La joie par les livres',NULL,NULL),(155,'La maison est en carton',NULL,NULL),(156,'La Martinière',NULL,NULL),(157,'La Palissade',NULL,NULL),(158,'La Pastèque',NULL,NULL),(159,'La Renarde rouge',NULL,NULL),(160,'La ville brûle',NULL,NULL),(161,'Larousse',NULL,NULL),(162,'Le baron perché',NULL,NULL),(163,'Le cherche midi',NULL,NULL),(164,'Le Dé bleu',NULL,NULL),(165,'Le Farfadet bleu',NULL,NULL),(166,'Le Genevrier',NULL,NULL),(167,'Le Griffon bleu',NULL,NULL),(168,'Le Jasmin',NULL,NULL),(169,'Le Pommier',NULL,NULL),(170,'Le port a jauni',NULL,NULL),(171,'Le Rocher',NULL,NULL),(172,'Le Sablier éditeur',NULL,NULL),(173,'Le Sorbier',NULL,NULL),(174,'Le Sorbier/Amnesty',NULL,NULL),(175,'Le Trou de nez',NULL,NULL),(176,'Le vengeur masqué',NULL,NULL),(177,'Les 400 coups',NULL,NULL),(178,'Les Arènes',NULL,NULL),(179,'Les Cahiers de la Charte',NULL,NULL),(180,'les éditions du mouton cerise',NULL,NULL),(181,'Les fourmis rouges',NULL,NULL),(182,'Les Grandes Personnes',NULL,NULL),(183,'Les Grands Personnes',NULL,NULL),(184,'Les p\'tits bérets',NULL,NULL),(185,'Les papareils',NULL,NULL),(186,'Lirabelle',NULL,NULL),(187,'Lirabelle/Amnesty',NULL,NULL),(188,'Lis avec moi',NULL,NULL),(189,'Lito',NULL,NULL),(190,'Little Urban',NULL,NULL),(191,'Lo Païs d\'Enfance',NULL,NULL),(192,'Magnard',NULL,NULL),(193,'Magnard jeunesse',NULL,NULL),(194,'Mango',NULL,NULL),(195,'Mango jeunesse',NULL,NULL),(196,'Margot',NULL,NULL),(197,'Marsam',NULL,NULL),(198,'MeMo',NULL,NULL),(199,'Mic-Mac',NULL,NULL),(200,'Michalon',NULL,NULL),(201,'Michel Lafon',NULL,NULL),(202,'Mijade',NULL,NULL),(203,'Mila',NULL,NULL),(204,'Mila éditions',NULL,NULL),(205,'Milan',NULL,NULL),(206,'Milan éducation',NULL,NULL),(207,'Milan jeunesse',NULL,NULL),(208,'Milan poche',NULL,NULL),(209,'Millefeuilles',NULL,NULL),(210,'Minedition',NULL,NULL),(211,'Mini Syros',NULL,NULL),(212,'Montreuil',NULL,NULL),(213,'MØtus',NULL,NULL),(214,'Mouton cerise',NULL,NULL),(215,'Naïve',NULL,NULL),(216,'Nathan',NULL,NULL),(217,'Nathan jeunesse',NULL,NULL),(218,'Nord-Sud',NULL,NULL),(219,'Notari',NULL,NULL),(220,'Nuinui',NULL,NULL),(221,'OQO éditions',NULL,NULL),(222,'Oskar',NULL,NULL),(223,'Oskar jeunesse',NULL,NULL),(224,'Où sont les enfants ?',NULL,NULL),(225,'P\'tit cairn',NULL,NULL),(226,'P\'tit Glénat',NULL,NULL),(227,'Palette',NULL,NULL),(228,'Paquet éditions',NULL,NULL),(229,'Paris Bibliothèques',NULL,NULL),(230,'Paris Musées',NULL,NULL),(231,'Pastel',NULL,NULL),(232,'PEMF',NULL,NULL),(233,'PEMF ados',NULL,NULL),(234,'Penguin books',NULL,NULL),(235,'Père Fouettard',NULL,NULL),(236,'Petit à petit',NULL,NULL),(237,'Picquier jeunesse',NULL,NULL),(238,'Pluie d\'étoiles',NULL,NULL),(239,'Pluie d’étoiles',NULL,NULL),(240,'Plume d\'Ocris',NULL,NULL),(241,'Plume de carotte',NULL,NULL),(242,'Poche',NULL,NULL),(243,'Pocket',NULL,NULL),(244,'Pocket jeunesse',NULL,NULL),(245,'Pocket junior',NULL,NULL),(246,'Pockett junior',NULL,NULL),(247,'Point de suspension',NULL,NULL),(248,'Points de Suspension',NULL,NULL),(249,'Poisson soluble',NULL,NULL),(250,'Pourquoi pas',NULL,NULL),(251,'Présence production',NULL,NULL),(252,'Privat',NULL,NULL),(253,'Publisud',NULL,NULL),(254,'Quart monde',NULL,NULL),(255,'Quatre fleuves',NULL,NULL),(256,'Québec',NULL,NULL),(257,'Rageot',NULL,NULL),(258,'Réciproques',NULL,NULL),(259,'Réunion des musées nationaux',NULL,NULL),(260,'Réunion musées nationaux',NULL,NULL),(261,'Rêves bleus',NULL,NULL),(262,'Ricochet',NULL,NULL),(263,'Rivages',NULL,NULL),(264,'Robert Laffont',NULL,NULL),(265,'Rocher',NULL,NULL),(266,'Rouegue',NULL,NULL),(267,'Rouergue',NULL,NULL),(268,'Rouge safran',NULL,NULL),(269,'Rue du monde',NULL,NULL),(270,'Ruisseaux d\'Afrique',NULL,NULL),(271,'Saltimbanque',NULL,NULL),(272,'Sarbacane',NULL,NULL),(273,'Sarbacane/Amnesty',NULL,NULL),(274,'SEDRAP',NULL,NULL),(275,'SEDRAP jeunesse',NULL,NULL),(276,'Seghers',NULL,NULL),(277,'Seghers jeune bilingue',NULL,NULL),(278,'Seuil',NULL,NULL),(279,'Seuil jeunesse',NULL,NULL),(280,'Soc et foc',NULL,NULL),(281,'Sorbier',NULL,NULL),(282,'Souchon-Garrigue Hélène',NULL,NULL),(283,'Stock',NULL,NULL),(284,'Syros',NULL,NULL),(285,'Syros Jeunesse',NULL,NULL),(286,'Syros/Amnesty',NULL,NULL),(287,'Table ronde',NULL,NULL),(288,'Talents hauts',NULL,NULL),(289,'Tapori',NULL,NULL),(290,'Thierry Magnier',NULL,NULL),(291,'Tourbillon',NULL,NULL),(292,'Touret',NULL,NULL),(293,'Usborne',NULL,NULL),(294,'Vents d\'ailleurs',NULL,NULL),(295,'Verdier',NULL,NULL),(296,'Versant Sud',NULL,NULL),(297,'Vigot',NULL,NULL),(298,'Vilo jeunesse',NULL,NULL),(299,'Vives voix',NULL,NULL),(300,'Walker Book',NULL,NULL),(301,'Yanbow al Kitab',NULL,NULL),(302,'Yomad',NULL,NULL),(303,'Zone J.',NULL,NULL),(304,'Zorba',NULL,NULL);
/*!40000 ALTER TABLE `Publisher` ENABLE KEYS */;
UNLOCK TABLES;
/*!40103 SET TIME_ZONE=@OLD_TIME_ZONE */;

/*!40101 SET SQL_MODE=@OLD_SQL_MODE */;
/*!40014 SET FOREIGN_KEY_CHECKS=@OLD_FOREIGN_KEY_CHECKS */;
/*!40014 SET UNIQUE_CHECKS=@OLD_UNIQUE_CHECKS */;
/*!40101 SET CHARACTER_SET_CLIENT=@OLD_CHARACTER_SET_CLIENT */;
/*!40101 SET CHARACTER_SET_RESULTS=@OLD_CHARACTER_SET_RESULTS */;
/*!40101 SET COLLATION_CONNECTION=@OLD_COLLATION_CONNECTION */;
/*!40111 SET SQL_NOTES=@OLD_SQL_NOTES */;

-- Dump completed on 2022-09-16 12:39:54
